itemNo|descrGER|descrENG|quantity|sort|listPrice|machineFamily
20-0-0-0096-0|Siebaufnahme U-Profil Y-Achse 50x70|U-profile adapter bar 50x70|ST|8|28,6495|SP5000 Manuell;SP5000 AUTO;SP5000 Manuell VAKUUM;SP5000 AUTO VAKUUM;SP5000 Manuell US;SP5000 Manuell VAKUUM US;SP5000 AUTO US;SP5000 AUTO VAKUUM US;50x70
20-0-0-0187-0|Siebaufnahme U-Profil Y-Achse 70x100|U-profile adapter bar 70x100|ST|8|41,23438|SP5000 Manuell;SP5000 AUTO;SP5000 Manuell VAKUUM;SP5000 AUTO VAKUUM;70x100;SP5000 Manuell US;SP5000 Manuell VAKUUM US;SP5000 AUTO US;SP5000 AUTO VAKUUM US
20-0-0-0201-0|Option Stehermontage Pro Iron|option stayer mounting Pro Iron|ST|4|227,15|SPSX;SPXC;SP5000 Manuell;SP5000 AUTO;SP5000 Manuell VAKUUM;SP5000 AUTO VAKUUM;SPiQ-2 US;50x70;70x100;80x110;80x120;90x120;70x120;SPiQ AUTO US;SPiQ COMPACT US;SPiQ COMPACT AUTO US;43x50;45x55;45x70;SPiQ-2;SP5000 Manuell US;SP5000 Manuell VAKUUM US;SP5000 AUTO US;SP5000 AUTO VAKUUM US;SPiQ US;SPiQ;SPiQ AUTO;SPiQ COMPACT;SPiQ COMPACT AUTO;SPSXLF;SPSXLS
20-0-0-0204-0|Siebrahmen Hix Reten 23x33''|screen frame Hix Reten 23x33'' with teflon|ST|4|92,536|SPSX;SPXC;SP5000 Manuell;SPiQ-2 US;80x120;90x120;70x120;50x70;70x100;80x110;43x50;45x55;45x70;SPiQ AUTO US;SPiQ COMPACT US;SPiQ COMPACT AUTO US;SP5000 AUTO US;SP5000 AUTO VAKUUM US;SPiQ US;SPiQ-2;SP5000 Manuell US;SP5000 Manuell VAKUUM US;SPiQ COMPACT AUTO;SPSXLF;SPSXLS;SPiQ;SPiQ AUTO;SPiQ COMPACT;SP5000 AUTO;SP5000 Manuell VAKUUM;SP5000 AUTO VAKUUM
20-0-0-0212-0|Siebaufnahme U-Profil Y-Achse 80x110|U-profile adapter bar 80x110|ST|8|42,4605|SP5000 Manuell;SP5000 AUTO;SP5000 Manuell VAKUUM;SP5000 AUTO VAKUUM;SP5000 Manuell US;SP5000 Manuell VAKUUM US;SP5000 AUTO US;SP5000 AUTO VAKUUM US;80x110
20-0-0-0644-0|Aufziehautomat|upload unit|ST|7|5547,69|SP5000 Manuell VAKUUM;SP5000 AUTO VAKUUM;SP5000 Manuell VAKUUM US;SP5000 AUTO VAKUUM US;50x70;70x100
20-0-0-0644-1|Abziehautomat|unload unit|ST|7|2741,57|SP5000 Manuell VAKUUM;SP5000 AUTO VAKUUM;SP5000 Manuell VAKUUM US;SP5000 AUTO VAKUUM US;50x70;70x100
20-0-0-0674-0|Siebaufnahme Passerschrauben 50x70|pass-screw adapter bar 50x70|ST|8|10,718|SP5000 Manuell;SP5000 AUTO;SP5000 Manuell VAKUUM;SP5000 AUTO VAKUUM;SP5000 Manuell US;SP5000 Manuell VAKUUM US;SP5000 AUTO US;SP5000 AUTO VAKUUM US;50x70
20-0-0-0675-0|Siebaufnahme Passerschrauben 70x100|pass-screw adapter bar 70x100|ST|8|17,72375|SP5000 Manuell;SP5000 AUTO;SP5000 Manuell VAKUUM;SP5000 AUTO VAKUUM;70x100;SP5000 Manuell US;SP5000 Manuell VAKUUM US;SP5000 AUTO US;SP5000 AUTO VAKUUM US
20-0-0-0676-0|Siebaufnahme Passerschrauben 80x110|pass-screw adapter bar 80x110|ST|8|21,113|SP5000 Manuell;SP5000 AUTO;SP5000 Manuell VAKUUM;SP5000 AUTO VAKUUM;SP5000 Manuell US;SP5000 Manuell VAKUUM US;SP5000 AUTO US;SP5000 AUTO VAKUUM US;80x110
20-0-0-0702-0|Siebaufnahme Ind. Off-Cont. RF 70x100 hinten|ind. off-contact RF 70x100 rear|ST|8|81,838|SP5000 Manuell;SP5000 AUTO;SP5000 Manuell VAKUUM;SP5000 AUTO VAKUUM;SP5000 Manuell US;SP5000 Manuell VAKUUM US;SP5000 AUTO US;SP5000 AUTO VAKUUM US;70x100
20-0-0-0703-0|Siebaufnahme Ind. Off-Cont. RF 70x100 vorne|ind. off-contact RF 70x100 front|ST|8|77,979|SP5000 Manuell;SP5000 AUTO;SP5000 Manuell VAKUUM;SP5000 AUTO VAKUUM;SP5000 Manuell US;SP5000 Manuell VAKUUM US;SP5000 AUTO US;SP5000 AUTO VAKUUM US;70x100
20-0-0-0704-0|Siebaufnahme Ind. Off-Cont. RF 50x70 hinten|ind. off-contact RF 50x70 rear|ST|8|66,30889|SP5000 Manuell;SP5000 AUTO;SP5000 Manuell VAKUUM;SP5000 AUTO VAKUUM;SP5000 Manuell US;SP5000 Manuell VAKUUM US;SP5000 AUTO US;SP5000 AUTO VAKUUM US;50x70
20-0-0-0705-0|Siebaufnahme Ind. Off-Cont. RF 50x70 vorne|ind. off-contact RF 50x70 front|ST|8|70,22444|SP5000 Manuell;SP5000 AUTO;SP5000 Manuell VAKUUM;SP5000 AUTO VAKUUM;SP5000 Manuell US;SP5000 Manuell VAKUUM US;SP5000 AUTO US;SP5000 AUTO VAKUUM US;50x70
20-0-0-0706-0|Siebaufnahme Rollerframe 80x110 hinten|rollerframe adapter bar 80x110 rear|ST|8|0,0|SP5000 Manuell;80x110;SP5000 AUTO US;SP5000 AUTO VAKUUM US;SP5000 Manuell US;SP5000 Manuell VAKUUM US;SP5000 AUTO VAKUUM;SP5000 AUTO;SP5000 Manuell VAKUUM
20-0-0-0707-0|Siebaufnahme Ind. Off-Cont. RF 80x110 vorne|ind. off-contact RF 80x110 front|ST|8|128,674|SP5000 Manuell;SP5000 AUTO;SP5000 Manuell VAKUUM;SP5000 AUTO VAKUUM;SP5000 Manuell US;SP5000 Manuell VAKUUM US;SP5000 AUTO US;SP5000 AUTO VAKUUM US;70x100;80x110
20-0-0-0708-0|Siebaufnahme Rollerframe 80x110 vorne|rollerframe adapter bar 80x110 front|ST|8|0,0|SP5000 Manuell;SP5000 AUTO;SP5000 Manuell VAKUUM;SP5000 AUTO VAKUUM;SP5000 Manuell US;SP5000 Manuell VAKUUM US;SP5000 AUTO US;SP5000 AUTO VAKUUM US;80x110
20-0-0-0709-0|Siebaufnahme Rollerframe 70x100 hinten|rollerframe adapter bar 70x100 rear|ST|8|0,0|SP5000 Manuell;SP5000 AUTO;SP5000 Manuell VAKUUM;SP5000 AUTO VAKUUM;SP5000 Manuell US;SP5000 Manuell VAKUUM US;SP5000 AUTO US;SP5000 AUTO VAKUUM US;70x100
20-0-0-0710-0|Siebaufnahme Rollerframe 70x100 vorne|rollerframe adapter bar 70x100 front|ST|8|0,0|SP5000 Manuell;SP5000 AUTO;SP5000 Manuell VAKUUM;SP5000 AUTO VAKUUM;SP5000 Manuell US;SP5000 Manuell VAKUUM US;SP5000 AUTO US;SP5000 AUTO VAKUUM US;70x100
20-0-0-0711-0|Siebaufnahme Rollerframe 50x70 hinten|rollerframe adapter bar 50x70 rear|ST|8|19,46|SP5000 Manuell;SP5000 AUTO;SP5000 Manuell VAKUUM;SP5000 AUTO VAKUUM;SP5000 Manuell US;SP5000 Manuell VAKUUM US;SP5000 AUTO US;SP5000 AUTO VAKUUM US;50x70
20-0-0-0712-0|Siebaufnahme Rollerframe 50x70 vorne|rollerframe adapter bar 50x70 front|ST|8|19,485|SP5000 Manuell;SP5000 AUTO;SP5000 Manuell VAKUUM;SP5000 AUTO VAKUUM;SP5000 Manuell US;SP5000 Manuell VAKUUM US;SP5000 AUTO US;SP5000 AUTO VAKUUM US;50x70
20-0-0-0713-0|Siebaufnahme Ind. Off-Cont. Passer 70x100 hinten|ind. off-contact pass-screw adapter 70x100 rear|ST|8|43,85714|SP5000 Manuell;70x100;SP5000 Manuell VAKUUM US;SP5000 AUTO US;SP5000 AUTO VAKUUM US;SP5000 Manuell US;SP5000 AUTO;SP5000 Manuell VAKUUM;SP5000 AUTO VAKUUM
20-0-0-0714-0|Siebaufnahme Ind. Off-Cont. Passer 70x100 vorne|ind. off-contact pass-screw adapter 70x100 front|ST|8|59,29643|SP5000 Manuell;SP5000 AUTO;SP5000 Manuell VAKUUM;SP5000 AUTO VAKUUM;SP5000 Manuell US;SP5000 Manuell VAKUUM US;SP5000 AUTO US;SP5000 AUTO VAKUUM US;70x100
20-0-0-0715-0|Siebaufnahme Ind. Off-Cont. Passer 50x70 hinten|ind. off-contact pass-screw adapter 50x70 rear|ST|8|50,59833|SP5000 Manuell;SP5000 AUTO;SP5000 Manuell VAKUUM;SP5000 AUTO US;SP5000 AUTO VAKUUM US;50x70;SP5000 AUTO VAKUUM;SP5000 Manuell US;SP5000 Manuell VAKUUM US
20-0-0-0715-1|Siebaufnahme Ind. Off-Cont. Passer 50x70 hinten IT|ind. off-contact pass-screw adapter 50x70 rear IT|ST|8|91,82|SP5000 Manuell;SP5000 AUTO;SP5000 Manuell VAKUUM;SP5000 AUTO VAKUUM;SP5000 Manuell US;SP5000 Manuell VAKUUM US;SP5000 AUTO US;SP5000 AUTO VAKUUM US;50x70
20-0-0-0716-0|Siebaufnahme Ind. Off-Cont. Passer 50x70 vorne|ind. off-contact pass-screw adapter 50x70 front|ST|8|52,81|SP5000 Manuell;SP5000 AUTO;SP5000 Manuell VAKUUM;SP5000 AUTO VAKUUM;SP5000 Manuell US;SP5000 Manuell VAKUUM US;SP5000 AUTO US;SP5000 AUTO VAKUUM US;50x70
20-0-0-0716-1|Siebaufnahme Ind. Off-Cont. Passer 50x70 vorne IT|ind. off-contact pass-screw adapter 50x70 front IT|ST|8|76,73|SP5000 Manuell;SP5000 AUTO;SP5000 Manuell VAKUUM;SP5000 AUTO VAKUUM;SP5000 Manuell US;SP5000 Manuell VAKUUM US;SP5000 AUTO US;SP5000 AUTO VAKUUM US;50x70
20-0-0-0829-0|Siebaufnahme Passerschrauben 50x70 IT|pass-screw adapter bar 50x70 IT|ST|8|9,51563|SP5000 Manuell;SP5000 AUTO;SP5000 Manuell VAKUUM;SP5000 AUTO VAKUUM;SP5000 Manuell US;SP5000 Manuell VAKUUM US;SP5000 AUTO US;SP5000 AUTO VAKUUM US;50x70
20-0-0-0899-0|Siebaufnahme Ind. Off-Cont. RF 80x110 hinten|ind. off-contact RF 80x110 rear|ST|8|114,946|SP5000 Manuell;SP5000 AUTO;SP5000 Manuell VAKUUM;SP5000 AUTO VAKUUM;SP5000 Manuell US;SP5000 Manuell VAKUUM US;SP5000 AUTO US;SP5000 AUTO VAKUUM US;70x100;80x110
20-0-0-0906-0|Siebaufnahme U-Profil pneumatisch 50x70 SP5000|U-profile adapter bar pneumatic 50x70 SP5000|ST|8|103,23625|SP5000 Manuell;SP5000 AUTO;SP5000 Manuell VAKUUM;SP5000 AUTO VAKUUM;SP5000 Manuell US;SP5000 Manuell VAKUUM US;SP5000 AUTO US;SP5000 AUTO VAKUUM US;50x70
20-0-0-0988-0|Siebaufnahme Passerschrauben 80x110 IT|pass-screw adapter bar 80x110 IT|ST|8|11,99875|SP5000 Manuell;SP5000 AUTO;SP5000 Manuell VAKUUM;SP5000 AUTO VAKUUM;SP5000 Manuell US;SP5000 Manuell VAKUUM US;SP5000 AUTO US;SP5000 AUTO VAKUUM US;80x110
20-0-0-0989-0|Siebaufnahme Ind. Off-Cont. Passer 70x100 hinten I|ind. off-contact pass-screw adapter 70x100 rear IT|ST|8|54,64|SP5000 Manuell;SP5000 AUTO;SP5000 Manuell VAKUUM;SP5000 AUTO US;SP5000 AUTO VAKUUM US;70x100;SP5000 AUTO VAKUUM;SP5000 Manuell US;SP5000 Manuell VAKUUM US
20-0-0-0990-0|Siebaufnahme Ind. Off-Cont. Passer 70x100 vorne IT|ind. off-contact pass-screw adapter 70x100 front I|ST|8|66,43167|SP5000 Manuell;SP5000 AUTO;SP5000 Manuell VAKUUM;SP5000 AUTO VAKUUM;SP5000 AUTO VAKUUM US;70x100;SP5000 Manuell US;SP5000 Manuell VAKUUM US;SP5000 AUTO US
20-0-0-3072-0|Hilfsrahmen fahrbar 50x70|trolley frame portable 50x70|ST|5|292,48667|SPSX;SP5000 Manuell;SP5000 AUTO;SP5000 Manuell VAKUUM;SP5000 AUTO VAKUUM;SPiQ;SPiQ COMPACT US;SPiQ COMPACT AUTO US;45x55;45x70;50x70;SPiQ-2 US;SP5000 Manuell US;SP5000 Manuell VAKUUM US;SP5000 AUTO US;SP5000 AUTO VAKUUM US;SPiQ US;SPiQ AUTO US;SPiQ AUTO;SPiQ COMPACT;SPiQ COMPACT AUTO;SPSXLF;SPSXLS;SPiQ-2
20-0-0-3072-1|Hilfsrahmen fahrbar 70x100|trolley frame portable 70x100|ST|5|378,92333|SP5000 Manuell;SP5000 AUTO;SP5000 Manuell VAKUUM;SP5000 AUTO VAKUUM;SPiQ;SPiQ AUTO;SPiQ AUTO US;70x100;80x110;SPiQ-2 US;SPiQ-2;SP5000 Manuell US;SP5000 Manuell VAKUUM US;SP5000 AUTO US;SP5000 AUTO VAKUUM US;SPiQ US
20-0-0-9191-0|3-Pin-Positionierung SP5000|3-pin position control SP5000|ST|7|625,0|SP5000 Manuell VAKUUM;SP5000 AUTO VAKUUM;SP5000 Manuell VAKUUM US;SP5000 AUTO VAKUUM US;50x70;70x100
30-0-0-0212-0|Verdickungsmittel Ecosol LCA|thickener ecosol LCA|VE|10|27,7|SPSX;SPXC;SP5000 Manuell;SP5000 AUTO;SP5000 Manuell VAKUUM;SP5000 AUTO VAKUUM;50x70;SPiQ-2 US;SPiQ AUTO US;SPiQ COMPACT US;SPiQ COMPACT AUTO US;43x50;45x55;45x70;SPiQ-2;SP5000 Manuell US;SP5000 Manuell VAKUUM US;SP5000 AUTO US;SP5000 AUTO VAKUUM US;SPiQ US;SPiQ;SPiQ AUTO;SPiQ COMPACT;SPiQ COMPACT AUTO;SPSXLF;SPSXLS
30-0-0-0248-0|Grundfarbe WEISS Ecosol E1 DTG 281|basic colour WHITE Ecosol E1 DTG 281|VE|10|124,09021|SPSX;SPXC;SP5000 Manuell;SP5000 AUTO;SP5000 Manuell VAKUUM;SP5000 AUTO VAKUUM;50x70;SPiQ-2 US;SPiQ AUTO US;SPiQ COMPACT US;SPiQ COMPACT AUTO US;43x50;45x55;45x70;SPiQ-2;SP5000 Manuell US;SP5000 Manuell VAKUUM US;SP5000 AUTO US;SP5000 AUTO VAKUUM US;SPiQ US;SPiQ;SPiQ AUTO;SPiQ COMPACT;SPiQ COMPACT AUTO;SPSXLF;SPSXLS
30-0-0-0249-0|Farbe CYAN Ecosol E1 DTG|colour CYAN Ecosol E1 DTG|VE|10|44,70149|SPSX;SPXC;SP5000 Manuell;SP5000 AUTO;SP5000 Manuell VAKUUM;SP5000 AUTO VAKUUM;50x70;SPiQ-2 US;SPiQ AUTO US;SPiQ COMPACT US;SPiQ COMPACT AUTO US;43x50;45x55;45x70;SPiQ-2;SP5000 Manuell US;SP5000 Manuell VAKUUM US;SP5000 AUTO US;SP5000 AUTO VAKUUM US;SPiQ US;SPiQ;SPiQ AUTO;SPiQ COMPACT;SPiQ COMPACT AUTO;SPSXLF;SPSXLS
30-0-0-0250-0|Farbe MAGENTA Ecosol E1 DTG|colour MAGENTA Ecosol E1 DTG|VE|10|40,91713|SPSX;SPXC;SP5000 Manuell;SP5000 AUTO;SPiQ-2 US;50x70;SPiQ COMPACT US;SPiQ COMPACT AUTO US;43x50;45x55;45x70;SP5000 AUTO VAKUUM US;SPiQ US;SPiQ AUTO US;SPiQ-2;SP5000 Manuell US;SP5000 Manuell VAKUUM US;SP5000 AUTO US;SPiQ AUTO;SPiQ COMPACT;SPiQ COMPACT AUTO;SPSXLF;SPSXLS;SP5000 Manuell VAKUUM;SP5000 AUTO VAKUUM;SPiQ
30-0-0-0251-0|Farbe GELB Ecosol E1 DTG|colour YELLOW Ecosol E1 DTG|VE|10|44,45704|SPSX;SPXC;SP5000 Manuell;SP5000 AUTO;SP5000 Manuell VAKUUM;45x70;50x70;SPiQ-2 US;SPiQ COMPACT AUTO US;43x50;45x55;SP5000 Manuell VAKUUM US;SP5000 AUTO US;SP5000 AUTO VAKUUM US;SPiQ US;SPiQ AUTO US;SPiQ COMPACT US;SPSXLF;SPSXLS;SPiQ-2;SP5000 Manuell US;SP5000 AUTO VAKUUM;SPiQ;SPiQ AUTO;SPiQ COMPACT;SPiQ COMPACT AUTO
30-0-0-0252-0|Farbe SCHWARZ Ecosol E1 DTG|colour BLACK Ecosol E1 DTG|VE|10|40,78|SPSX;SPXC;SP5000 Manuell;SPiQ-2 US;45x70;50x70;SPiQ COMPACT AUTO US;43x50;45x55;SPiQ US;SPiQ AUTO US;SPiQ COMPACT US;SP5000 AUTO US;SP5000 AUTO VAKUUM US;SP5000 Manuell US;SP5000 Manuell VAKUUM US;SPSXLF;SPSXLS;SPiQ-2;SPiQ AUTO;SPiQ COMPACT;SPiQ COMPACT AUTO;SP5000 AUTO VAKUUM;SPiQ;SP5000 AUTO;SP5000 Manuell VAKUUM
30-0-0-0262-0|Grundfarbe TRANSPARENT Ecosol E1 DTG 281|basic colour CLEAR Ecosol E1 DTG 281|VE|10|82,335|SPSX;SPXC;SP5000 Manuell;SP5000 AUTO;SPiQ-2 US;SPiQ COMPACT US;SPiQ COMPACT AUTO US;43x50;45x55;45x70;50x70;SP5000 AUTO VAKUUM US;SPiQ US;SPiQ AUTO US;SP5000 Manuell US;SP5000 Manuell VAKUUM US;SP5000 AUTO US;SPiQ AUTO;SPiQ COMPACT;SPiQ COMPACT AUTO;SPSXLF;SPSXLS;SPiQ-2;SP5000 Manuell VAKUUM;SP5000 AUTO VAKUUM;SPiQ
30-0-0-0263-0|Grundfarbe SUEDE Ecosol E1|basic colour SUEDE Ecosol E1|VE|10|84,98263|SPSX;SPXC;SP5000 Manuell;SP5000 AUTO;SP5000 Manuell VAKUUM;SP5000 AUTO VAKUUM;50x70;SPiQ-2 US;SPiQ AUTO US;SPiQ COMPACT US;SPiQ COMPACT AUTO US;43x50;45x55;45x70;SPiQ-2;SP5000 Manuell US;SP5000 Manuell VAKUUM US;SP5000 AUTO US;SP5000 AUTO VAKUUM US;SPiQ US;SPiQ;SPiQ AUTO;SPiQ COMPACT;SPiQ COMPACT AUTO;SPSXLF;SPSXLS
30-0-0-0264-0|Grundfarbe CRACKING WHITE Ecosol E1|basic colour CRACKING WHITE Ecosol E1|VE|10|86,57333|SPSX;SPXC;SP5000 Manuell;SP5000 AUTO;SP5000 Manuell VAKUUM;SP5000 AUTO VAKUUM;50x70;SPiQ-2 US;SPiQ AUTO US;SPiQ COMPACT US;SPiQ COMPACT AUTO US;43x50;45x55;45x70;SPiQ-2;SP5000 Manuell US;SP5000 Manuell VAKUUM US;SP5000 AUTO US;SP5000 AUTO VAKUUM US;SPiQ US;SPiQ;SPiQ AUTO;SPiQ COMPACT;SPiQ COMPACT AUTO;SPSXLF;SPSXLS
30-0-0-0266-0|Grundfarbe MATT TC Ecosol E1|basic colour MATTE TC Ecosol E1|VE|10|76,18444|SPSX;SPXC;SP5000 Manuell;SP5000 AUTO;45x55;45x70;50x70;SPiQ-2 US;SPiQ US;SPiQ AUTO US;SPiQ COMPACT US;SPiQ COMPACT AUTO US;43x50;SP5000 Manuell VAKUUM US;SP5000 AUTO US;SP5000 AUTO VAKUUM US;SPiQ COMPACT;SPiQ COMPACT AUTO;SPSXLF;SPSXLS;SPiQ-2;SP5000 Manuell US;SP5000 Manuell VAKUUM;SP5000 AUTO VAKUUM;SPiQ;SPiQ AUTO
30-0-0-0287-0|Grundfarbe GRAU Ecosol E1 DTG 281|"basic colour GREY Ecosol E1 for digital printing
"|VE|10|71,52857|SPSX;SPXC;SP5000 Manuell;SP5000 AUTO;SP5000 Manuell VAKUUM;SP5000 AUTO VAKUUM;SPiQ-2 US;SPiQ COMPACT AUTO US;43x50;45x55;45x70;50x70;SP5000 AUTO US;SP5000 AUTO VAKUUM US;SPiQ US;SPiQ AUTO US;SPiQ COMPACT US;SPSXLS;SPiQ-2;SP5000 Manuell US;SP5000 Manuell VAKUUM US;SPiQ;SPiQ AUTO;SPiQ COMPACT;SPiQ COMPACT AUTO;SPSXLF
30-0-0-0293-0|Grundfarbe TRANSPARENT Ecosol E1 DTG PT|basic colour CLEAR Ecosol E1 DTG PT|VE|10|80,97|SPSX;SPXC;SP5000 Manuell;SPiQ-2 US;50x70;43x50;45x55;45x70;SPiQ AUTO US;SPiQ COMPACT US;SPiQ COMPACT AUTO US;SP5000 AUTO US;SP5000 AUTO VAKUUM US;SPiQ US;SPiQ-2;SP5000 Manuell US;SP5000 Manuell VAKUUM US;SPiQ COMPACT AUTO;SPSXLF;SPSXLS;SPiQ;SPiQ AUTO;SPiQ COMPACT;SP5000 AUTO;SP5000 Manuell VAKUUM;SP5000 AUTO VAKUUM
VAK104253|Alu-Vakuumpalette 75x120cm_600|alu-vacuum pallet 75x120cm_600|ST|3|0,0|SP5000 Manuell VAKUUM;SP5000 AUTO VAKUUM;SP5000 Manuell VAKUUM US;SP5000 AUTO VAKUUM US;70x100;80x110
VAK104361|Alu-Vakuumpalette 55x100cm SP5000|alu-vacuum pallet 55x100cm|ST|3|348,568|SP5000 Manuell VAKUUM;SP5000 AUTO VAKUUM;70x100;80x110;SP5000 AUTO VAKUUM US;50x70;SP5000 Manuell VAKUUM US
VAK104365|Alu-Vakuumpalette 55x100cm SPSX|alu-vacuum pallet 55x100cm SPSX|ST|3|375,99|Single Print WAND;50x70;70x100;80x110;Single Print WAND VAKUUM;Single Print FAHRBAR;Single Print FAHRBAR VAKUUM
VAK104844|Alu-Vakuumpalette 85x140cm|alu-vacuum pallet 85x140cm|ST|3|442,91|SP5000 Manuell VAKUUM;SP5000 AUTO VAKUUM;SP5000 AUTO VAKUUM US;80x110;SP5000 Manuell VAKUUM US
VAK105824|Alu-Vakuumpalette 45x100cm SP4000|alu-vacuum pallet 45x100cm|ST|3|13,73632|SP5000 Manuell VAKUUM;SP5000 AUTO VAKUUM;SP5000 Manuell VAKUUM US;SP5000 AUTO VAKUUM US;50x70;70x100;80x110
VAK105829|Alu-Vakuumpalette 26x100cm T-Form|alu-vacuum pallet 26x100cm T-shape|ST|3|527,04|SP5000 Manuell VAKUUM;SP5000 AUTO VAKUUM;SP5000 Manuell VAKUUM US;SP5000 AUTO VAKUUM US;50x70;70x100;80x110
ZUB000007|MHM Flock Modul FM 130-330|MHM flocking unit FM 130-330|ST|9|5275,48|SPSX;SPXC;SP5000 Manuell;SPiQ-2 US;50x70;43x50;45x55;45x70;SPiQ AUTO US;SPiQ COMPACT US;SPiQ COMPACT AUTO US;SP5000 AUTO US;SP5000 AUTO VAKUUM US;SPiQ US;SPiQ-2;SP5000 Manuell US;SP5000 Manuell VAKUUM US;SPiQ COMPACT AUTO;SPSXLF;SPSXLS;SPiQ;SPiQ AUTO;SPiQ COMPACT;SP5000 AUTO;SP5000 Manuell VAKUUM;SP5000 AUTO VAKUUM
ZUB000012|Trockner QC 4355 HTL 3x400V|flash cure unit QC 4355 HTL 3x400V|ST|5|1112,6375|SPXC;43x50
ZUB000012-2|Trockner QC 4355 HTL 3x210V|flash cure unit QC 4355 HTL 3x210V|ST|5|2025,0|SPXC;43x50
ZUB000013|Trockner QC 4355 MW 3x400V|flash cure unit QC 4355 MW 3x400V|ST|5|1910,69|SPXC;43x50
ZUB000013-2|Trockner QC 4355 MW 3x210V|flash cure unit QC 4355 MW 3x210V|ST|5|1922,16|SPXC;43x50
ZUB000014|Trockner QC 4661 HTL 3x400V|flash cure unit QC 4661 HTL 3x400V|ST|5|1278,015|SPSX;SPiQ COMPACT;SPiQ COMPACT AUTO;SPSXLS;45x55;45x70
ZUB000014-2|Trockner QC 4661 HTL 3x210V|flash cure unit QC 4661 HTL 3x210V|ST|5|1068,77167|SPSX;SPiQ COMPACT;SPiQ COMPACT AUTO;SPSXLS;SPiQ COMPACT US;SPiQ COMPACT AUTO US;45x55;45x70
ZUB000015|Trockner QC 4661 MW 3x400V|flash cure unit QC 4661 MW 3x400V|ST|5|1883,955|SPSX;SPiQ COMPACT;SPiQ COMPACT AUTO;SPSXLS;45x55;45x70
ZUB000015-2|Trockner QC 4661 MW 3x210V|flash cure unit QC 4661 MW 3x210V|ST|5|1753,82|SPSX;SPiQ COMPACT;45x55;45x70;SPiQ COMPACT US;SPiQ COMPACT AUTO US;SPiQ COMPACT AUTO;SPSXLS
ZUB000016|Trockner QC 4170 HTL 3x400V|flash cure unit QC 4170 HTL 3x400V|ST|5|1041,71|SP5000 Manuell;SP5000 AUTO;SP5000 Manuell VAKUUM;SP5000 AUTO VAKUUM;SPiQ;SPiQ AUTO;50x70;SPSXLF;SPiQ-2
ZUB000016-2|Trockner QC 4170 HTL 3x210V|flash cure unit QC 4170 HTL 3x210V|ST|5|960,90444|SP5000 Manuell;SP5000 AUTO;SPiQ-2 US;50x70;SP5000 AUTO VAKUUM US;SPiQ US;SPiQ AUTO US;SPiQ-2;SP5000 Manuell US;SP5000 Manuell VAKUUM US;SP5000 AUTO US;SPiQ AUTO;SPSXLF;SP5000 Manuell VAKUUM;SP5000 AUTO VAKUUM;SPiQ
ZUB000017|Trockner QC 4170 MW 3x400V|flash cure unit QC 4170 MW 3x400V|ST|5|2239,69375|SP5000 Manuell;SP5000 AUTO;SP5000 Manuell VAKUUM;SP5000 AUTO VAKUUM;SPiQ;SPiQ AUTO;SPSXLF;SPiQ-2;50x70
ZUB000017-2|Trockner QC 4170 MW 3x210V|flash cure unit QC 4170 MW 3x210V|ST|5|2269,74|SP5000 Manuell;SP5000 AUTO;SP5000 Manuell VAKUUM;SP5000 AUTO VAKUUM;SPiQ;SPiQ AUTO;SPiQ-2 US;SP5000 AUTO US;SP5000 AUTO VAKUUM US;SPiQ US;SPiQ AUTO US;50x70;SPSXLF;SPiQ-2;SP5000 Manuell US;SP5000 Manuell VAKUUM US
ZUB000019|Trockner QC 5069 MW 3x400V|flash cure unit QC 5069 MW 3x400V|ST|5|2428,93|SP5000 Manuell;SP5000 AUTO;50x70;SPiQ-2;SPiQ AUTO;SPSXLF;SP5000 Manuell VAKUUM;SP5000 AUTO VAKUUM;SPiQ
ZUB000019-2|Trockner QC 5069 MW 3x210V|flash cure unit QC 5069 MW 3x210V|ST|5|2420,65|SP5000 Manuell;SP5000 AUTO;SP5000 Manuell VAKUUM;SP5000 AUTO VAKUUM;SPiQ;SPiQ AUTO;SPiQ US;SPiQ AUTO US;50x70;SPiQ-2 US;SPSXLF;SPiQ-2;SP5000 Manuell US;SP5000 Manuell VAKUUM US;SP5000 AUTO US;SP5000 AUTO VAKUUM US
ZUB000021|Trockner QC 4669 MW 3x400V|flash cure unit QC 4669 MW 3x400V|ST|5|2428,78|SPSX;45x55;45x70;SPSXLS;SPiQ COMPACT;SPiQ COMPACT AUTO
ZUB000021-2|Trockner QC 4669 MW 3x210V|flash cure unit QC 4669 MW 3x210V|ST|5|2995,0|SPSX;45x70;SPiQ COMPACT US;SPiQ COMPACT AUTO US;45x55;SPiQ COMPACT AUTO;SPSXLS;SPiQ COMPACT
ZUB000022|Trockner QC 70100 HTL 3x400V|flash cure unit QC 70100 HTL 3x400V|ST|5|2089,56|SP5000 Manuell;SP5000 AUTO;80x110;70x100;SPiQ-2;SP5000 Manuell VAKUUM;SP5000 AUTO VAKUUM;SPiQ
ZUB000022-2|Trockner QC 70100 HTL 3x210V|flash cure unit QC 70100 HTL 3x210V|ST|5|3295,0|SP5000 Manuell;SP5000 AUTO;SP5000 Manuell VAKUUM;SP5000 AUTO VAKUUM;70x100;80x110;SPiQ-2 US;SP5000 AUTO US;SP5000 AUTO VAKUUM US;SPiQ US;SPiQ;SPiQ-2;SP5000 Manuell US;SP5000 Manuell VAKUUM US
ZUB000023|Trockner QC 70100 MW 3x400V|flash cure unit QC 70100 MW 3x400V|ST|5|5700,0|SP5000 Manuell;SP5000 AUTO;SP5000 Manuell VAKUUM;SP5000 AUTO VAKUUM;70x100;80x110;SPiQ;SPiQ-2
ZUB000023-2|Trockner QC 70100 MW 3x210V|flash cure unit QC 70100 MW 3x210V|ST|5|5700,0|SP5000 Manuell;SP5000 AUTO;70x100;80x110;SPiQ-2 US;SP5000 AUTO US;SP5000 AUTO VAKUUM US;SPiQ US;SPiQ-2;SP5000 Manuell US;SP5000 Manuell VAKUUM US;SP5000 Manuell VAKUUM;SP5000 AUTO VAKUUM;SPiQ
ZUB000025|Trockner QC 4646 HTL 3x400V|flash cure unit QC 4646 HTL 3x400V|ST|5|1795,0|SPSX;SPXC;SP5000 Manuell;SP5000 AUTO;SP5000 Manuell VAKUUM;SP5000 AUTO VAKUUM;SPiQ-2;SPiQ US;43x50;45x55;45x70;50x70;SPiQ;SPiQ AUTO;SPiQ COMPACT;SPiQ COMPACT AUTO;SPSXLF;SPSXLS
ZUB000025-2|Trockner QC 4646 HTL 3x210V|flash cure unit QC 4646 HTL 3x210V|ST|5|1795,0|SPSX;SPXC;SP5000 Manuell;SP5000 AUTO;SP5000 Manuell VAKUUM;SP5000 AUTO VAKUUM;50x70;SPiQ-2 US;SPiQ AUTO US;SPiQ COMPACT US;SPiQ COMPACT AUTO US;43x50;45x55;45x70;SPiQ-2;SP5000 Manuell US;SP5000 Manuell VAKUUM US;SP5000 AUTO US;SP5000 AUTO VAKUUM US;SPiQ US;SPiQ;SPiQ AUTO;SPiQ COMPACT;SPiQ COMPACT AUTO;SPSXLF;SPSXLS
ZUB000028|Trockner QC 6080 MW 3x400V|flash cure unit QC 6080 MW 3x400V|ST|5|4425,0|SP5000 Manuell VAKUUM;50x70;SP5000 AUTO VAKUUM
ZUB000028-2|Trockner QC 6080 MW 3x210V|flash cure unit QC 6080 MW 3x210V|ST|5|1450,0|SP5000 Manuell VAKUUM US;SP5000 AUTO VAKUUM US;50x70
ZUB000029|Trockner QC 8044 MW 3x400V fahrbar|flash cure unit QC 8044 MW 3x400V moveable|ST|5|3750,69|SP5000 Manuell;SP5000 AUTO;SP5000 Manuell VAKUUM;SP5000 AUTO VAKUUM;SPiQ;SPiQ AUTO;SPiQ-2;80x110;80x120
ZUB000029-2|Trockner QC 8044 MW 3x210V fahrbar|flash cure unit QC 8044 MW 3x210V moveable|ST|5|0,0|SP5000 Manuell;SP5000 AUTO;SP5000 Manuell VAKUUM;SP5000 AUTO VAKUUM;SPiQ;SPiQ-2 US;SP5000 AUTO VAKUUM US;SPiQ US;SPiQ AUTO US;80x110;80x120;SPiQ AUTO;SPiQ-2;SP5000 Manuell US;SP5000 Manuell VAKUUM US;SP5000 AUTO US
ZUB000030|Trockner QC 4646 MW 3x400V|flash cure unit QC 4646 MW 3x400V|ST|5|1971,05|SPSX;SPXC;SP5000 Manuell;45x70;50x70;SPiQ-2;43x50;45x55;SPiQ COMPACT AUTO;SPSXLF;SPSXLS;SPiQ;SPiQ AUTO;SPiQ COMPACT;SP5000 AUTO;SP5000 Manuell VAKUUM;SP5000 AUTO VAKUUM
ZUB000030-2|Trockner QC 4646 MW 3x210V|flash cure unit QC 4646 MW 3x210V|ST|5|0,0|SPSX;SPXC;SP5000 Manuell;SP5000 AUTO;SP5000 Manuell VAKUUM;SP5000 AUTO VAKUUM;50x70;SPiQ-2 US;SPiQ AUTO US;SPiQ COMPACT US;SPiQ COMPACT AUTO US;43x50;45x55;45x70;SPiQ-2;SP5000 Manuell US;SP5000 Manuell VAKUUM US;SP5000 AUTO US;SP5000 AUTO VAKUUM US;SPiQ US;SPiQ;SPiQ AUTO;SPiQ COMPACT;SPiQ COMPACT AUTO;SPSXLF;SPSXLS
ZUB000031|MHM Flock Modul FM 130-600|MHM flocking unit FM 130-600|ST|9|12540,13|SP5000 Manuell;SP5000 AUTO;SP5000 Manuell VAKUUM;SP5000 AUTO VAKUUM;SPiQ;SPiQ AUTO;SP5000 AUTO VAKUUM US;SPiQ US;SPiQ AUTO US;45x70;50x70;SPiQ-2 US;SPSXLF;SPSXLS;SPiQ-2;SP5000 Manuell US;SP5000 Manuell VAKUUM US;SP5000 AUTO US
ZUB000046|Trockner UV 50x70|flash cure unit UV 50x70cm|ST|5|0,0|SP5000 Manuell VAKUUM;SP5000 AUTO VAKUUM;SP5000 Manuell VAKUUM US;SP5000 AUTO VAKUUM US;50x70
ZUB000047|Trockner UV 70100 [gesperrt]|flash cure unit UV 70x100cm|ST|5|0,0|SP5000 Manuell VAKUUM;SP5000 AUTO VAKUUM;SP5000 Manuell VAKUUM US;SP5000 AUTO VAKUUM US;70x100
ZUB000049|MHM Foil Unit S|MHM Foil Unit S|ST|4|2677,13|SPSX;SPiQ COMPACT;SPiQ COMPACT AUTO;SPiQ COMPACT US;SPiQ COMPACT AUTO US;45x55
ZUB101011|Alu-Einlegerahmen 50x70cm|alu insert frame 50x70cm|ST|4|7,925|SP5000 Manuell;SP5000 AUTO;SP5000 Manuell VAKUUM;SP5000 AUTO VAKUUM;SPiQ;50x70;SPiQ-2 US;SP5000 Manuell VAKUUM US;SP5000 AUTO US;SP5000 AUTO VAKUUM US;SPiQ US;SPiQ AUTO US;45x70;SPiQ AUTO;SPSXLF;SPSXLS;SPiQ-2;SP5000 Manuell US
ZUB101012|Alu-Einlegerahmen 70x100cm|alu insert frame 70x100cm|ST|4|11,77|SP5000 Manuell;SP5000 AUTO;SPiQ-2 US;70x120;70x100;SPiQ US;SPiQ AUTO US;SP5000 Manuell VAKUUM US;SP5000 AUTO US;SP5000 AUTO VAKUUM US;SPiQ-2;SP5000 Manuell US;SPiQ AUTO;SP5000 Manuell VAKUUM;SP5000 AUTO VAKUUM;SPiQ
ZUB101013|Alu-Einlegerahmen 80x110cm|alu insert frame 80x110cm|ST|4|12,6|SP5000 Manuell;SP5000 AUTO;SP5000 Manuell VAKUUM;SP5000 AUTO VAKUUM;SPiQ;SPiQ AUTO;SPiQ AUTO US;80x110;80x120;SPiQ-2 US;SPiQ-2;SP5000 Manuell US;SP5000 Manuell VAKUUM US;SP5000 AUTO US;SP5000 AUTO VAKUUM US;SPiQ US
ZUB101014|Alu-Palette mit Hals 26x100cm_500|alu-pallet with neck 26x100cm _500|ST|3|87,892|SP5000 Manuell;SP5000 AUTO;SP5000 Manuell VAKUUM;SP5000 AUTO VAKUUM;SPiQ;SPiQ AUTO;50x70;70x100;80x110;80x120;90x120;70x120;SP5000 Manuell US;SP5000 Manuell VAKUUM US;SP5000 AUTO US;SP5000 AUTO VAKUUM US;SPiQ US;SPiQ AUTO US
ZUB101015|Alu-Palette mit Hals 32x100cm_500|alu-pallet with neck 32x100cm_500|ST|3|95,36412|SP5000 Manuell;SP5000 AUTO;SP5000 Manuell VAKUUM;SP5000 AUTO VAKUUM;SPiQ;80x120;90x120;70x120;SPiQ US;SPiQ AUTO US;50x70;70x100;80x110;SPiQ AUTO;SP5000 Manuell US;SP5000 Manuell VAKUUM US;SP5000 AUTO US;SP5000 AUTO VAKUUM US
ZUB101016|Alu-Palette mit Hals 45x100cm_500|alu-pallet with neck 45x100cm_500|ST|3|101,30417|SP5000 Manuell;SP5000 AUTO;SP5000 Manuell VAKUUM;SP5000 AUTO VAKUUM;80x120;90x120;70x120;50x70;70x100;80x110;SPiQ US;SPiQ AUTO US;SP5000 Manuell US;SP5000 Manuell VAKUUM US;SP5000 AUTO US;SP5000 AUTO VAKUUM US;SPiQ;SPiQ AUTO
ZUB101018|Alu-Palette ohne Hals 52x100cm_500|alu-pallet without neck 52x100cm_500|ST|3|111,21808|SP5000 Manuell;SP5000 AUTO;SP5000 Manuell VAKUUM;SP5000 AUTO VAKUUM;SPiQ;SPiQ AUTO;80x120;90x120;70x120;SPiQ US;SPiQ AUTO US;50x70;70x100;80x110;SP5000 Manuell US;SP5000 Manuell VAKUUM US;SP5000 AUTO US;SP5000 AUTO VAKUUM US
ZUB101019|Alu-Palette ohne Hals 55x100cm_500|alu-pallet without neck 55x100cm_500|ST|3|110,36923|SP5000 Manuell;SP5000 AUTO;SP5000 Manuell VAKUUM;SP5000 AUTO VAKUUM;SPiQ;80x120;90x120;70x120;SPiQ US;SPiQ AUTO US;50x70;70x100;80x110;SPiQ AUTO;SP5000 Manuell US;SP5000 Manuell VAKUUM US;SP5000 AUTO US;SP5000 AUTO VAKUUM US
ZUB101020|Alu-Palette ohne Hals 75x120cm_600|alu-pallet without neck 75x120cm_600|ST|3|163,11714|SP5000 Manuell;SP5000 AUTO;SP5000 Manuell VAKUUM;SP5000 AUTO VAKUUM;SPiQ;SPiQ AUTO;70x100;80x110;80x120;90x120;70x120;SP5000 Manuell US;SP5000 Manuell VAKUUM US;SP5000 AUTO US;SP5000 AUTO VAKUUM US;SPiQ US;SPiQ AUTO US
ZUB101022|Druckrakel 26cm 75-Shore|squeegee blade 26cm 75-shore|ST|1|10,76286|SPSX;SPXC;SP5000 Manuell;SP5000 AUTO;SP5000 Manuell VAKUUM;SP5000 AUTO VAKUUM;70x120;SPiQ-2 US;Single Print WAND VAKUUM;Single Print FAHRBAR;Single Print FAHRBAR VAKUUM;45x70;50x70;70x100;80x110;80x120;90x120;SPiQ US;SPiQ AUTO US;SPiQ COMPACT US;SPiQ COMPACT AUTO US;43x50;45x55;Single Print WAND;SPiQ-2;SP5000 Manuell US;SP5000 Manuell VAKUUM US;SP5000 AUTO US;SP5000 AUTO VAKUUM US;SPiQ;SPiQ AUTO;SPiQ COMPACT;SPiQ COMPACT AUTO;SPSXLF;SPSXLS
ZUB101023|Druckrakel 32cm 75-Shore|squeegee blade 32cm 75-shore|ST|1|10,13286|SPSX;SPXC;SP5000 Manuell;SP5000 AUTO;SP5000 Manuell VAKUUM;SP5000 AUTO VAKUUM;70x120;SPiQ-2 US;Single Print WAND VAKUUM;Single Print FAHRBAR;Single Print FAHRBAR VAKUUM;45x70;50x70;70x100;80x110;80x120;90x120;SPiQ US;SPiQ AUTO US;SPiQ COMPACT US;SPiQ COMPACT AUTO US;43x50;45x55;Single Print WAND;SPiQ-2;SP5000 Manuell US;SP5000 Manuell VAKUUM US;SP5000 AUTO US;SP5000 AUTO VAKUUM US;SPiQ;SPiQ AUTO;SPiQ COMPACT;SPiQ COMPACT AUTO;SPSXLF;SPSXLS
ZUB101024|Druckrakel 45cm 75-Shore|squeegee blade 45cm 75-shore|ST|1|11,545|SPSX;SPXC;SP5000 Manuell;70x120;SPiQ-2 US;Single Print WAND VAKUUM;Single Print FAHRBAR;Single Print FAHRBAR VAKUUM;80x110;80x120;90x120;45x70;50x70;70x100;SPiQ COMPACT AUTO US;43x50;45x55;SPiQ US;SPiQ AUTO US;SPiQ COMPACT US;SP5000 Manuell VAKUUM US;SP5000 AUTO US;SP5000 AUTO VAKUUM US;Single Print WAND;SPiQ-2;SP5000 Manuell US;SPiQ COMPACT AUTO;SPSXLF;SPSXLS;SPiQ;SPiQ AUTO;SPiQ COMPACT;SP5000 AUTO;SP5000 Manuell VAKUUM;SP5000 AUTO VAKUUM
ZUB101025|Druckrakel 52cm 75-Shore|squeegee blade 52cm 75-shore|ST|1|16,6425|SPSX;SP5000 Manuell;SP5000 AUTO;SP5000 Manuell VAKUUM;SP5000 AUTO VAKUUM;SPiQ;90x120;70x120;SPiQ-2 US;Single Print WAND VAKUUM;Single Print FAHRBAR;Single Print FAHRBAR VAKUUM;45x55;45x70;50x70;70x100;80x110;80x120;SPiQ US;SPiQ AUTO US;SPiQ COMPACT US;SPiQ COMPACT AUTO US;Single Print WAND;SPiQ-2;SP5000 Manuell US;SP5000 Manuell VAKUUM US;SP5000 AUTO US;SP5000 AUTO VAKUUM US;SPiQ AUTO;SPiQ COMPACT;SPiQ COMPACT AUTO;SPSXLF;SPSXLS
ZUB101028|Druckrakel 72cm 75-Shore|squeegee blade 72cm 75-shore|ST|1|18,59|SP5000 Manuell;SP5000 AUTO;SP5000 Manuell VAKUUM;SP5000 AUTO VAKUUM;SPiQ;SPiQ AUTO;70x120;SPiQ-2 US;Single Print WAND VAKUUM;Single Print FAHRBAR;Single Print FAHRBAR VAKUUM;SPiQ US;SPiQ AUTO US;70x100;80x110;80x120;90x120;Single Print WAND;SPiQ-2;SP5000 Manuell US;SP5000 Manuell VAKUUM US;SP5000 AUTO US;SP5000 AUTO VAKUUM US
ZUB101029|Druckrakel 82cm 75-Shore|squeegee blade 82cm 75-shore|ST|1|23,163|SP5000 Manuell;SP5000 AUTO;SP5000 Manuell VAKUUM;SP5000 AUTO VAKUUM;SPiQ;SPiQ AUTO;Single Print WAND VAKUUM;Single Print FAHRBAR;Single Print FAHRBAR VAKUUM;SPiQ US;SPiQ AUTO US;80x110;80x120;90x120;SPiQ-2 US;Single Print WAND;SPiQ-2;SP5000 Manuell US;SP5000 Manuell VAKUUM US;SP5000 AUTO US;SP5000 AUTO VAKUUM US
ZUB101030|Flutrakel high 26cm|flood blade high 26cm|ST|2|8,84|SP5000 Manuell;SP5000 AUTO;SP5000 Manuell VAKUUM;SP5000 AUTO VAKUUM;SPiQ AUTO;SPiQ COMPACT AUTO;70x120;45x55;50x70;70x100;80x110;80x120;90x120;SP5000 Manuell US;SP5000 Manuell VAKUUM US;SP5000 AUTO US;SP5000 AUTO VAKUUM US;SPiQ AUTO US;SPiQ COMPACT AUTO US
ZUB101031|Flutrakel high 32cm|flood blade high 32cm|ST|2|11,13583|SP5000 Manuell;SP5000 AUTO;SP5000 Manuell VAKUUM;SP5000 AUTO VAKUUM;SPiQ AUTO;SPiQ COMPACT AUTO;80x120;90x120;70x120;50x70;70x100;80x110;SP5000 AUTO US;SP5000 AUTO VAKUUM US;SPiQ AUTO US;SPiQ COMPACT AUTO US;45x55;SP5000 Manuell US;SP5000 Manuell VAKUUM US
ZUB101032|Flutrakel high 45cm|flood blade high 45cm|ST|2|7,6875|SP5000 Manuell;SP5000 AUTO;SP5000 Manuell VAKUUM;SP5000 AUTO VAKUUM;SPiQ AUTO;SPiQ COMPACT AUTO;70x120;45x55;50x70;70x100;80x110;80x120;90x120;SP5000 Manuell US;SP5000 Manuell VAKUUM US;SP5000 AUTO US;SP5000 AUTO VAKUUM US;SPiQ AUTO US;SPiQ COMPACT AUTO US
ZUB101033|Flutrakel high 52cm|flood blade high 52cm|ST|2|11,225|SP5000 Manuell;SP5000 AUTO;70x120;80x110;80x120;90x120;50x70;70x100;SPiQ AUTO US;SP5000 AUTO US;SP5000 AUTO VAKUUM US;SP5000 Manuell US;SP5000 Manuell VAKUUM US;SPiQ AUTO;SP5000 Manuell VAKUUM;SP5000 AUTO VAKUUM
ZUB101035|Flutrakel high 72cm|flood blade high 72cm|ST|2|13,04|SP5000 Manuell;SP5000 AUTO;SP5000 Manuell VAKUUM;SP5000 AUTO VAKUUM;SPiQ AUTO;SP5000 Manuell US;80x120;90x120;70x120;SP5000 Manuell VAKUUM US;SP5000 AUTO US;SP5000 AUTO VAKUUM US;SPiQ AUTO US;70x100;80x110
ZUB101036|Flutrakel high 82cm|flood blade high 82cm|ST|2|15,414|SP5000 Manuell;SP5000 AUTO;SP5000 Manuell VAKUUM;SP5000 AUTO VAKUUM;80x110;80x120;90x120;SPiQ AUTO US;SP5000 Manuell US;SP5000 Manuell VAKUUM US;SP5000 AUTO US;SP5000 AUTO VAKUUM US;SPiQ AUTO
ZUB101037|Flutrakel low 26cm|flood blade low 26cm|ST|2|7,524|SPSX;SPXC;Single Print FAHRBAR;Single Print FAHRBAR VAKUUM;80x110;80x120;90x120;70x120;SPiQ-2 US;Single Print WAND VAKUUM;43x50;45x55;45x70;50x70;70x100;SPiQ US;SPiQ COMPACT US;SPiQ;SPiQ COMPACT;SPSXLF;SPSXLS;Single Print WAND;SPiQ-2
ZUB101038|Flutrakel low 32cm|flood blade low 32cm|ST|2|6,9575|SPSX;SPXC;SPiQ;SPiQ COMPACT;SPSXLF;SPSXLS;70x120;SPiQ-2 US;Single Print WAND VAKUUM;Single Print FAHRBAR;Single Print FAHRBAR VAKUUM;45x70;50x70;70x100;80x110;80x120;90x120;Single Print WAND;SPiQ-2;SPiQ US;SPiQ COMPACT US;43x50;45x55
ZUB101039|Flutrakel low 45cm|flood blade low 45cm|ST|2|7,71281|SPSX;SPXC;90x120;70x120;SPiQ-2 US;Single Print WAND VAKUUM;Single Print FAHRBAR;Single Print FAHRBAR VAKUUM;70x100;80x110;80x120;SPiQ COMPACT US;43x50;45x55;45x70;50x70;SPiQ-2;SPiQ US;SPiQ;SPiQ COMPACT;SPSXLF;SPSXLS;Single Print WAND
ZUB101040|Flutrakel low 52cm|flood blade low 52cm|ST|2|8,38667|SPiQ;SPSXLF;Single Print WAND;SPiQ-2;SPiQ US;50x70;Single Print WAND VAKUUM;Single Print FAHRBAR;Single Print FAHRBAR VAKUUM;70x100;80x110;80x120;90x120;70x120;SPiQ-2 US
ZUB101046|MHM Bohrlehre Passerbuchse bis DF 70x100|MHM drilling jig for pinlock till PF 70x100|ST|4|44,66636|SPSX;SPXC;SP5000 Manuell;SP5000 AUTO;SP5000 Manuell VAKUUM;SP5000 AUTO VAKUUM;70x120;SPiQ-2 US;Single Print WAND VAKUUM;Single Print FAHRBAR;Single Print FAHRBAR VAKUUM;43x50;45x55;45x70;50x70;70x100;SP5000 AUTO US;SP5000 AUTO VAKUUM US;SPiQ US;SPiQ AUTO US;SPiQ COMPACT US;SPiQ COMPACT AUTO US;SPSXLS;Single Print WAND;SPiQ-2;SP5000 Manuell US;SP5000 Manuell VAKUUM US;SPiQ;SPiQ AUTO;SPiQ COMPACT;SPiQ COMPACT AUTO;SPSXLF
ZUB101047|MHM Passerbuchsen (Set)|MHM Pinlock bushings (set)|ST|4|0,18106|SPSX;SPXC;SP5000 Manuell;SP5000 AUTO;SP5000 Manuell VAKUUM;SP5000 AUTO VAKUUM;70x120;SPiQ-2 US;Single Print WAND VAKUUM;Single Print FAHRBAR;Single Print FAHRBAR VAKUUM;45x70;50x70;70x100;80x110;80x120;90x120;SPiQ US;SPiQ AUTO US;SPiQ COMPACT US;SPiQ COMPACT AUTO US;43x50;45x55;Single Print WAND;SPiQ-2;SP5000 Manuell US;SP5000 Manuell VAKUUM US;SP5000 AUTO US;SP5000 AUTO VAKUUM US;SPiQ;SPiQ AUTO;SPiQ COMPACT;SPiQ COMPACT AUTO;SPSXLF;SPSXLS
ZUB101049|Alu-Palette ohne Hals SPSXLS 26x100cm_400|alu-pallet without neck SPSXLS 26x100cm_400|ST|3|87,42433|SPSXLF;SPSXLS;Single Print WAND;SPiQ-2;Single Print WAND VAKUUM;Single Print FAHRBAR;Single Print FAHRBAR VAKUUM;45x70;50x70;70x100;80x110;SPiQ-2 US
ZUB101050|Alu-Einlegerahmen 43x50cm|alu insert frame 43x50cm|ST|4|6,74565|SPXC;43x50
ZUB101051|Alu-Palette mit Hals SPSXLS 26x100cm_400|alu-pallet with neck SPSXLS 26x100cm_400|ST|3|84,9675|SPSXLF;SPSXLS;Single Print WAND;SPiQ-2;45x70;50x70;70x100;80x110;SPiQ-2 US;Single Print WAND VAKUUM;Single Print FAHRBAR;Single Print FAHRBAR VAKUUM
ZUB101055|MHM Bohrlehre Passerbuchse DF 80x110 bis 100x130|MHM drilling jig for pinlock PF 80x110 till 100x13|ST|4|65,725|SP5000 Manuell;SP5000 AUTO;SP5000 Manuell VAKUUM;SP5000 AUTO VAKUUM;SPiQ;SPiQ AUTO;Single Print WAND VAKUUM;Single Print FAHRBAR;Single Print FAHRBAR VAKUUM;SPiQ US;SPiQ AUTO US;80x110;80x120;90x120;SPiQ-2 US;Single Print WAND;SPiQ-2;SP5000 Manuell US;SP5000 Manuell VAKUUM US;SP5000 AUTO US;SP5000 AUTO VAKUUM US
ZUB101056|Druckrakel 82cm 55-Shore|squeegee blade 82cm 55-shore|ST|1|14,68|SP5000 Manuell;SP5000 AUTO;SP5000 Manuell VAKUUM;SP5000 AUTO VAKUUM;SPiQ;SPiQ AUTO;Single Print WAND VAKUUM;Single Print FAHRBAR;Single Print FAHRBAR VAKUUM;SPiQ US;SPiQ AUTO US;80x110;80x120;90x120;SPiQ-2 US;Single Print WAND;SPiQ-2;SP5000 Manuell US;SP5000 Manuell VAKUUM US;SP5000 AUTO US;SP5000 AUTO VAKUUM US
ZUB101057|MHM Filmpositioniereinheit S|MHM film positioning unit S|ST|4|676,35|SPSX;SPXC;SP5000 Manuell;SP5000 AUTO;SP5000 Manuell VAKUUM;SP5000 AUTO VAKUUM;Single Print WAND VAKUUM;Single Print FAHRBAR;Single Print FAHRBAR VAKUUM;43x50;45x55;45x70;50x70;SPiQ-2 US;SP5000 AUTO US;SP5000 AUTO VAKUUM US;SPiQ US;SPiQ AUTO US;SPiQ COMPACT US;SPiQ COMPACT AUTO US;Single Print WAND;SPiQ-2;SP5000 Manuell US;SP5000 Manuell VAKUUM US;SPiQ;SPiQ AUTO;SPiQ COMPACT;SPiQ COMPACT AUTO;SPSXLF;SPSXLS
ZUB101058|MHM Filmpositioniereinheit L|MHM film positioning unit L|ST|4|657,855|SP5000 Manuell;SP5000 AUTO;SP5000 Manuell VAKUUM;SP5000 AUTO VAKUUM;SPiQ;SPiQ AUTO;Single Print FAHRBAR VAKUUM;SPiQ US;SPiQ AUTO US;70x100;SPiQ-2 US;Single Print WAND VAKUUM;Single Print FAHRBAR;Single Print WAND;SPiQ-2;SP5000 Manuell US;SP5000 Manuell VAKUUM US;SP5000 AUTO US;SP5000 AUTO VAKUUM US
ZUB101059|MHM Filmpositioniereinheit XL|MHM film positioning unit XL|ST|4|710,31|SP5000 Manuell;SP5000 AUTO;SP5000 Manuell VAKUUM;SP5000 AUTO VAKUUM;SPiQ;SPiQ AUTO;SPiQ-2 US;Single Print WAND VAKUUM;Single Print FAHRBAR;Single Print FAHRBAR VAKUUM;SPiQ US;SPiQ AUTO US;80x110;80x120;90x120;70x120;Single Print WAND;SPiQ-2;SP5000 Manuell US;SP5000 Manuell VAKUUM US;SP5000 AUTO US;SP5000 AUTO VAKUUM US
ZUB101060|MHM Filmpositioniereinheit S IT|MHM film positioning unit S IT|ST|4|669,29|SPSX;SPXC;SP5000 Manuell;SP5000 AUTO;SP5000 Manuell VAKUUM;SP5000 AUTO VAKUUM;SPiQ-2 US;Single Print WAND VAKUUM;Single Print FAHRBAR;Single Print FAHRBAR VAKUUM;SPiQ COMPACT US;SPiQ COMPACT AUTO US;43x50;45x55;45x70;50x70;SP5000 Manuell US;SP5000 Manuell VAKUUM US;SP5000 AUTO US;SP5000 AUTO VAKUUM US;SPiQ US;SPiQ AUTO US;SPSXLF;SPSXLS;Single Print WAND;SPiQ-2;SPiQ;SPiQ AUTO;SPiQ COMPACT;SPiQ COMPACT AUTO
ZUB101061|MHM Filmpositioniereinheit L IT|MHM film positioning unit L IT|ST|4|676,56|SP5000 Manuell;SP5000 AUTO;SP5000 Manuell VAKUUM;SP5000 AUTO VAKUUM;SPiQ;SPiQ AUTO;SPiQ-2 US;Single Print WAND VAKUUM;Single Print FAHRBAR;Single Print FAHRBAR VAKUUM;SP5000 AUTO US;SP5000 AUTO VAKUUM US;SPiQ US;SPiQ AUTO US;70x100;Single Print WAND;SPiQ-2;SP5000 Manuell US;SP5000 Manuell VAKUUM US
ZUB101062|MHM Filmpositioniereinheit XL IT|MHM film positioning unit XL IT|ST|4|743,82|SP5000 Manuell;SP5000 AUTO;SP5000 Manuell VAKUUM;SP5000 AUTO VAKUUM;SPiQ;SPiQ AUTO;SPiQ-2 US;Single Print WAND VAKUUM;Single Print FAHRBAR;Single Print FAHRBAR VAKUUM;SPiQ US;SPiQ AUTO US;80x110;80x120;90x120;70x120;Single Print WAND;SPiQ-2;SP5000 Manuell US;SP5000 Manuell VAKUUM US;SP5000 AUTO US;SP5000 AUTO VAKUUM US
ZUB101065|MHM Pro Iron 40cm|MHM Pro Iron 40cm|ST|4|949,57|SPSX;SPXC;SP5000 Manuell;SP5000 AUTO;SP5000 Manuell VAKUUM;SP5000 AUTO VAKUUM;SPiQ-2 US;50x70;70x100;80x110;80x120;90x120;70x120;SPiQ AUTO US;SPiQ COMPACT US;SPiQ COMPACT AUTO US;43x50;45x55;45x70;SPiQ-2;SP5000 Manuell US;SP5000 Manuell VAKUUM US;SP5000 AUTO US;SP5000 AUTO VAKUUM US;SPiQ US;SPiQ;SPiQ AUTO;SPiQ COMPACT;SPiQ COMPACT AUTO;SPSXLF;SPSXLS
ZUB101068|MHM Rollrakel 40cm|MHM roller squeegee 40cm|ST|1|136,61429|SPSX;SPXC;SP5000 Manuell;SP5000 AUTO;SP5000 Manuell VAKUUM;SP5000 AUTO VAKUUM;70x120;SPiQ-2 US;Single Print WAND VAKUUM;Single Print FAHRBAR;Single Print FAHRBAR VAKUUM;45x70;50x70;70x100;80x110;80x120;90x120;SPiQ US;SPiQ AUTO US;SPiQ COMPACT US;SPiQ COMPACT AUTO US;43x50;45x55;Single Print WAND;SPiQ-2;SP5000 Manuell US;SP5000 Manuell VAKUUM US;SP5000 AUTO US;SP5000 AUTO VAKUUM US;SPiQ;SPiQ AUTO;SPiQ COMPACT;SPiQ COMPACT AUTO;SPSXLF;SPSXLS
ZUB101069|MHM Rollrakel 60cm|MHM roller squeegee 60cm|ST|1|238,575|SP5000 Manuell;SP5000 AUTO;SP5000 Manuell VAKUUM;SP5000 AUTO VAKUUM;SPiQ;SPiQ AUTO;80x120;90x120;70x120;SPiQ-2 US;SPiQ US;SPiQ AUTO US;70x100;80x110;SPiQ-2;SP5000 Manuell US;SP5000 Manuell VAKUUM US;SP5000 AUTO US;SP5000 AUTO VAKUUM US
ZUB101071|MHM Digital VPro|MHM Digital VPro|ST|10|16325,78333|SPSX;SPXC;SP5000 Manuell;SP5000 AUTO;SP5000 Manuell VAKUUM;SP5000 AUTO VAKUUM;45x55;45x70;50x70;SPiQ-2 US;SP5000 AUTO VAKUUM US;SPiQ US;SPiQ AUTO US;SPiQ COMPACT US;SPiQ COMPACT AUTO US;43x50;SPSXLS;SPiQ-2;SP5000 Manuell US;SP5000 Manuell VAKUUM US;SP5000 AUTO US;SPiQ;SPiQ AUTO;SPiQ COMPACT;SPiQ COMPACT AUTO;SPSXLF
ZUB101074|MHM Pro Iron 60cm|MHM Pro Iron 60cm|ST|4|1338,58|SP5000 Manuell;SP5000 AUTO;SP5000 Manuell VAKUUM;SP5000 AUTO VAKUUM;SPiQ;SPiQ AUTO;SPiQ-2 US;SPiQ AUTO US;70x100;80x110;80x120;90x120;70x120;SPiQ-2;SP5000 Manuell US;SP5000 Manuell VAKUUM US;SP5000 AUTO US;SP5000 AUTO VAKUUM US;SPiQ US
ZUB101075|Druckrakel 26cm 55-Shore|squeegee blade 26cm 55-shore|ST|1|0,0|SPSX;SPXC;SP5000 Manuell;SP5000 AUTO;SP5000 Manuell VAKUUM;SP5000 AUTO VAKUUM;70x120;SPiQ-2 US;Single Print WAND VAKUUM;Single Print FAHRBAR;Single Print FAHRBAR VAKUUM;45x70;50x70;70x100;80x110;80x120;90x120;SPiQ US;SPiQ AUTO US;SPiQ COMPACT US;SPiQ COMPACT AUTO US;43x50;45x55;Single Print WAND;SPiQ-2;SP5000 Manuell US;SP5000 Manuell VAKUUM US;SP5000 AUTO US;SP5000 AUTO VAKUUM US;SPiQ;SPiQ AUTO;SPiQ COMPACT;SPiQ COMPACT AUTO;SPSXLF;SPSXLS
ZUB101078|Starterpaket für MHM VPro|starter pack for MHM Digital VPro|ST|10|638,665|SPSX;SPXC;SP5000 Manuell;SP5000 AUTO;SP5000 Manuell VAKUUM;SP5000 AUTO VAKUUM;50x70;SPiQ-2 US;SPiQ AUTO US;SPiQ COMPACT US;SPiQ COMPACT AUTO US;43x50;45x55;45x70;SPiQ-2;SP5000 Manuell US;SP5000 Manuell VAKUUM US;SP5000 AUTO US;SP5000 AUTO VAKUUM US;SPiQ US;SPiQ;SPiQ AUTO;SPiQ COMPACT;SPiQ COMPACT AUTO;SPSXLF;SPSXLS
ZUB101864|Alu-Palette mit Hals 45x80cm_400|alu-pallet with neck 45x80cm_400|ST|3|85,99563|SPSX;SPXC;45x55;SPiQ COMPACT US;SPiQ COMPACT AUTO US;43x50;SPiQ COMPACT;SPiQ COMPACT AUTO
ZUB101865|Alu-Palette mit Hals 32x80cm_400|alu-pallet with neck 32x80cm_400|ST|3|85,764|SPSX;SPXC;SPiQ COMPACT;SPiQ COMPACT AUTO;SPiQ COMPACT US;SPiQ COMPACT AUTO US;43x50;45x55
ZUB101885|MHM Adapterstück für Rollerframe|MHM adapter piece for rollerframe|ST|4|1,30751|SPSX;SPXC;SP5000 Manuell;SP5000 AUTO;SP5000 Manuell VAKUUM;SP5000 AUTO VAKUUM;70x120;SPiQ-2 US;Single Print WAND VAKUUM;Single Print FAHRBAR;Single Print FAHRBAR VAKUUM;45x70;50x70;70x100;80x110;80x120;90x120;SPiQ US;SPiQ AUTO US;SPiQ COMPACT US;SPiQ COMPACT AUTO US;43x50;45x55;Single Print WAND;SPiQ-2;SP5000 Manuell US;SP5000 Manuell VAKUUM US;SP5000 AUTO US;SP5000 AUTO VAKUUM US;SPiQ;SPiQ AUTO;SPiQ COMPACT;SPiQ COMPACT AUTO;SPSXLF;SPSXLS
ZUB101943|Alu-Palette ohne Hals 36x80cm_400|alu-pallet without neck 36x80cm_400|ST|3|73,164|SPSX;SPXC;SPiQ COMPACT;SPiQ COMPACT AUTO;SPiQ COMPACT US;SPiQ COMPACT AUTO US;43x50;45x55
ZUB101963|Alu-Ärmelpalette klappbar 11x17x80cm_500|alu-sleeve pallet hinged 11x17x80cm_500|ST|3|215,12261|SP5000 Manuell;SP5000 AUTO;SP5000 Manuell VAKUUM;SP5000 AUTO VAKUUM;SPiQ;SPiQ AUTO;50x70;SP5000 Manuell US;SP5000 Manuell VAKUUM US;SP5000 AUTO US;SP5000 AUTO VAKUUM US;SPiQ US;SPiQ AUTO US
ZUB101969|Alu-Palette mit Hals 36x100cm_500|alu-pallet with neck 36x100cm_500|ST|3|90,2175|SP5000 Manuell;SP5000 AUTO;SP5000 Manuell VAKUUM;SP5000 AUTO VAKUUM;SPiQ;SPiQ AUTO;50x70;70x100;80x110;80x120;90x120;70x120;SP5000 Manuell US;SP5000 Manuell VAKUUM US;SP5000 AUTO US;SP5000 AUTO VAKUUM US;SPiQ US;SPiQ AUTO US
ZUB101970|Druckrakel 40cm 75-Shore|squeegee blade 40cm 75-shore|ST|1|13,758|SPSX;SPXC;SP5000 Manuell;Single Print FAHRBAR VAKUUM;90x120;70x120;SPiQ-2 US;Single Print WAND VAKUUM;Single Print FAHRBAR;45x70;50x70;70x100;80x110;80x120;SPiQ COMPACT AUTO US;43x50;45x55;SPiQ US;SPiQ AUTO US;SPiQ COMPACT US;SP5000 Manuell VAKUUM US;SP5000 AUTO US;SP5000 AUTO VAKUUM US;Single Print WAND;SPiQ-2;SP5000 Manuell US;SPiQ COMPACT AUTO;SPSXLF;SPSXLS;SPiQ;SPiQ AUTO;SPiQ COMPACT;SP5000 AUTO;SP5000 Manuell VAKUUM;SP5000 AUTO VAKUUM
ZUB101971|Flutrakel high 40cm|flood blade high 40cm|ST|2|8,93029|SP5000 Manuell;SP5000 AUTO;SP5000 Manuell VAKUUM;SP5000 AUTO VAKUUM;SPiQ AUTO;SPiQ COMPACT AUTO;70x120;45x55;50x70;70x100;80x110;80x120;90x120;SP5000 Manuell US;SP5000 Manuell VAKUUM US;SP5000 AUTO US;SP5000 AUTO VAKUUM US;SPiQ AUTO US;SPiQ COMPACT AUTO US
ZUB101996|Alu-Einlegerahmen 45x55cm|alu insert frame 45x55cm|ST|4|11,31417|SPSX;SPiQ COMPACT;SPiQ COMPACT AUTO;SPiQ COMPACT US;SPiQ COMPACT AUTO US;45x55
ZUB102008|Druckrakel 52cm 65-Shore|"squeegee blade 52cm (20,4"") 65-shore"|ST|1|15,18477|SPSX;SP5000 Manuell;SP5000 AUTO;SP5000 Manuell VAKUUM;SP5000 AUTO VAKUUM;SPiQ;90x120;70x120;SPiQ-2 US;Single Print WAND VAKUUM;Single Print FAHRBAR;Single Print FAHRBAR VAKUUM;45x55;45x70;50x70;70x100;80x110;80x120;SP5000 AUTO VAKUUM US;SPiQ US;SPiQ AUTO US;SPiQ COMPACT US;SPiQ COMPACT AUTO US;Single Print WAND;SPiQ-2;SP5000 Manuell US;SP5000 Manuell VAKUUM US;SP5000 AUTO US;SPiQ AUTO;SPiQ COMPACT;SPiQ COMPACT AUTO;SPSXLF;SPSXLS
ZUB102009|Druckrakel 40cm 65-Shore|"squeegee blade 40cm(16"") 65-shore"|ST|1|15,26111|SPSX;SPXC;SP5000 Manuell;SP5000 AUTO;SP5000 Manuell VAKUUM;SP5000 AUTO VAKUUM;70x120;SPiQ-2 US;Single Print WAND VAKUUM;Single Print FAHRBAR;Single Print FAHRBAR VAKUUM;45x70;50x70;70x100;80x110;80x120;90x120;SPiQ US;SPiQ AUTO US;SPiQ COMPACT US;SPiQ COMPACT AUTO US;43x50;45x55;Single Print WAND;SPiQ-2;SP5000 Manuell US;SP5000 Manuell VAKUUM US;SP5000 AUTO US;SP5000 AUTO VAKUUM US;SPiQ;SPiQ AUTO;SPiQ COMPACT;SPiQ COMPACT AUTO;SPSXLF;SPSXLS
ZUB102010|Druckrakel 52cm 55-Shore|"squeegee blade 52cm(20,4"") 55-shore"|ST|1|12,06667|SPSX;SP5000 Manuell;SP5000 AUTO;SP5000 Manuell VAKUUM;SP5000 AUTO VAKUUM;SPiQ;Single Print WAND VAKUUM;Single Print FAHRBAR;Single Print FAHRBAR VAKUUM;70x100;80x110;80x120;90x120;70x120;SPiQ-2 US;SPiQ AUTO US;SPiQ COMPACT US;SPiQ COMPACT AUTO US;45x55;45x70;50x70;SPiQ-2;SP5000 Manuell US;SP5000 Manuell VAKUUM US;SP5000 AUTO US;SP5000 AUTO VAKUUM US;SPiQ US;SPiQ AUTO;SPiQ COMPACT;SPiQ COMPACT AUTO;SPSXLF;SPSXLS;Single Print WAND
ZUB102015|Alu-Palette mit Hals 40x100cm_500|alu-pallet with neck 40x100cm_500|ST|3|98,17795|SP5000 Manuell;SP5000 AUTO;SP5000 Manuell VAKUUM;SP5000 AUTO VAKUUM;SPiQ;SPiQ AUTO;50x70;70x100;80x110;80x120;90x120;70x120;SP5000 Manuell US;SP5000 Manuell VAKUUM US;SP5000 AUTO US;SP5000 AUTO VAKUUM US;SPiQ US;SPiQ AUTO US
ZUB102107|Druckrakel 32cm 65-Shore|"squeegee blade 32cm(12,6"") 65-shore"|ST|1|14,00615|SPSX;SPXC;SP5000 Manuell;SP5000 AUTO;70x120;SPiQ-2 US;Single Print WAND VAKUUM;Single Print FAHRBAR;Single Print FAHRBAR VAKUUM;70x100;80x110;80x120;90x120;SPiQ COMPACT AUTO US;43x50;45x55;45x70;50x70;SP5000 AUTO VAKUUM US;SPiQ US;SPiQ AUTO US;SPiQ COMPACT US;SP5000 Manuell US;SP5000 Manuell VAKUUM US;SP5000 AUTO US;SPSXLS;Single Print WAND;SPiQ-2;SPiQ;SPiQ AUTO;SPiQ COMPACT;SPiQ COMPACT AUTO;SPSXLF;SP5000 Manuell VAKUUM;SP5000 AUTO VAKUUM
ZUB102142|Flutrakel low 13cm|flood blade low 13cm|ST|2|8,25625|SPSX;SPXC;SPiQ;SPiQ-2 US;Single Print WAND VAKUUM;Single Print FAHRBAR;Single Print FAHRBAR VAKUUM;50x70;70x100;80x110;80x120;90x120;70x120;43x50;45x55;45x70;Single Print WAND;SPiQ-2;SPiQ US;SPiQ COMPACT US;SPiQ COMPACT;SPSXLF;SPSXLS
ZUB102143|Alu-Palette ohne Hals 32x80cm_400|alu-pallet without neck 32x80cm_400|ST|3|88,501|SPSX;SPXC;43x50;45x55;SPiQ COMPACT;SPiQ COMPACT AUTO;SPiQ COMPACT US;SPiQ COMPACT AUTO US
ZUB102144|Alu-Palette ohne Hals 45x80cm_400|alu-pallet without neck 45x80cm_400|ST|3|88,64|SPSX;SPXC;SPiQ COMPACT;SPiQ COMPACT AUTO;SPiQ COMPACT US;SPiQ COMPACT AUTO US;43x50;45x55
ZUB102145|Druckrakel 13cm 75-Shore|"squeegee blade 13cm(5,1"") 75-shore"|ST|1|13,57827|SPSX;SPXC;SP5000 Manuell;SP5000 AUTO;SP5000 Manuell VAKUUM;SP5000 AUTO VAKUUM;70x120;SPiQ-2 US;Single Print WAND VAKUUM;Single Print FAHRBAR;Single Print FAHRBAR VAKUUM;45x70;50x70;70x100;80x110;80x120;90x120;SPiQ US;SPiQ AUTO US;SPiQ COMPACT US;SPiQ COMPACT AUTO US;43x50;45x55;Single Print WAND;SPiQ-2;SP5000 Manuell US;SP5000 Manuell VAKUUM US;SP5000 AUTO US;SP5000 AUTO VAKUUM US;SPiQ;SPiQ AUTO;SPiQ COMPACT;SPiQ COMPACT AUTO;SPSXLF;SPSXLS
ZUB102153|Druckrakel 72cm 65-Shore|"squeegee blade 72cm (28,3"") 65-shore"|ST|1|18,288|SP5000 Manuell;SP5000 AUTO;SP5000 Manuell VAKUUM;SP5000 AUTO VAKUUM;SPiQ;SPiQ AUTO;70x120;SPiQ-2 US;Single Print WAND VAKUUM;Single Print FAHRBAR;Single Print FAHRBAR VAKUUM;SPiQ US;SPiQ AUTO US;70x100;80x110;80x120;90x120;Single Print WAND;SPiQ-2;SP5000 Manuell US;SP5000 Manuell VAKUUM US;SP5000 AUTO US;SP5000 AUTO VAKUUM US
ZUB102187|Alu-Palette mit Hals 36x80cm_400|alu-pallet with neck 36x80cm_400|ST|3|84,50333|SPSX;SPXC;SPiQ COMPACT;SPiQ COMPACT AUTO;SPiQ COMPACT US;SPiQ COMPACT AUTO US;43x50;45x55
ZUB102192|Druckrakel 45cm 85-Shore|"squeegee blade 45cm(17,7"") 85-shore"|ST|1|14,515|SPSX;SPXC;SP5000 Manuell;70x120;SPiQ-2 US;Single Print WAND VAKUUM;Single Print FAHRBAR;Single Print FAHRBAR VAKUUM;80x110;80x120;90x120;45x70;50x70;70x100;SPiQ AUTO US;SPiQ COMPACT US;SPiQ COMPACT AUTO US;43x50;45x55;SP5000 Manuell VAKUUM US;SP5000 AUTO US;SP5000 AUTO VAKUUM US;SPiQ US;Single Print WAND;SPiQ-2;SP5000 Manuell US;SPiQ AUTO;SPiQ COMPACT;SPiQ COMPACT AUTO;SPSXLF;SPSXLS;SP5000 AUTO;SP5000 Manuell VAKUUM;SP5000 AUTO VAKUUM;SPiQ
ZUB102233|Druckrakel 36cm 75-Shore|"squeegee blade 36cm(14,1"") 75-shore"|ST|1|13,39833|SPSX;SPXC;SP5000 Manuell;SP5000 AUTO;SP5000 Manuell VAKUUM;SP5000 AUTO VAKUUM;Single Print FAHRBAR;Single Print FAHRBAR VAKUUM;80x110;80x120;90x120;70x120;SPiQ-2 US;Single Print WAND VAKUUM;43x50;45x55;45x70;50x70;70x100;SP5000 AUTO US;SP5000 AUTO VAKUUM US;SPiQ US;SPiQ AUTO US;SPiQ COMPACT US;SPiQ COMPACT AUTO US;Single Print WAND;SPiQ-2;SP5000 Manuell US;SP5000 Manuell VAKUUM US;SPiQ;SPiQ AUTO;SPiQ COMPACT;SPiQ COMPACT AUTO;SPSXLF;SPSXLS
ZUB102237|Druckrakel 45cm 65-Shore|squeegee blade 45cm (17,7'') 65-shore|ST|1|13,82|SPSX;SPXC;SP5000 Manuell;SP5000 AUTO;SP5000 Manuell VAKUUM;SP5000 AUTO VAKUUM;70x120;SPiQ-2 US;Single Print WAND VAKUUM;Single Print FAHRBAR;Single Print FAHRBAR VAKUUM;45x70;50x70;70x100;80x110;80x120;90x120;SPiQ US;SPiQ AUTO US;SPiQ COMPACT US;SPiQ COMPACT AUTO US;43x50;45x55;Single Print WAND;SPiQ-2;SP5000 Manuell US;SP5000 Manuell VAKUUM US;SP5000 AUTO US;SP5000 AUTO VAKUUM US;SPiQ;SPiQ AUTO;SPiQ COMPACT;SPiQ COMPACT AUTO;SPSXLF;SPSXLS
ZUB102266|Flutrakel low 40cm|flood blade low 40cm|ST|2|7,85529|SPSX;SPXC;SPiQ;SPiQ COMPACT;SPSXLF;Single Print FAHRBAR;Single Print FAHRBAR VAKUUM;80x110;80x120;90x120;70x120;SPiQ-2 US;Single Print WAND VAKUUM;43x50;45x55;45x70;50x70;70x100;SPSXLS;Single Print WAND;SPiQ-2;SPiQ US;SPiQ COMPACT US
ZUB102313|Alu-Ärmelpalette Doppelbestückung 13x80cm_400|alu-sleeve pallet double assembly 13x80cm_400|ST|3|166,4175|SPSX;SPXC;43x50;45x55;SPiQ COMPACT US;SPiQ COMPACT AUTO US;SPiQ COMPACT;SPiQ COMPACT AUTO
ZUB102337|Alu-Palette ohne Hals 45x100cm_500|alu-pallet without neck 45x100cm_500|ST|3|83,01786|SP5000 Manuell;SP5000 AUTO;SP5000 Manuell VAKUUM;SP5000 AUTO VAKUUM;SPiQ;SPiQ AUTO;50x70;70x100;80x110;80x120;90x120;70x120;SP5000 Manuell US;SP5000 Manuell VAKUUM US;SP5000 AUTO US;SP5000 AUTO VAKUUM US;SPiQ US;SPiQ AUTO US
ZUB102340|Flutrakel low 36cm|flood blade low 36cm|ST|2|7,12909|SPSX;SPXC;SPiQ;SPiQ COMPACT;SPSXLF;Single Print FAHRBAR;Single Print FAHRBAR VAKUUM;80x110;80x120;90x120;70x120;SPiQ-2 US;Single Print WAND VAKUUM;43x50;45x55;45x70;50x70;70x100;SPSXLS;Single Print WAND;SPiQ-2;SPiQ US;SPiQ COMPACT US
ZUB102374|Druckrakel 52cm 85-Shore|"squeegee blade 52cm(20,5"") 85-shore"|ST|1|15,02|SPSX;SP5000 Manuell;SP5000 AUTO;SP5000 Manuell VAKUUM;SP5000 AUTO VAKUUM;SPiQ;Single Print WAND VAKUUM;Single Print FAHRBAR;Single Print FAHRBAR VAKUUM;70x100;80x110;80x120;90x120;70x120;SPiQ-2 US;SPiQ AUTO US;SPiQ COMPACT US;SPiQ COMPACT AUTO US;45x55;45x70;50x70;SPiQ-2;SP5000 Manuell US;SP5000 Manuell VAKUUM US;SP5000 AUTO US;SP5000 AUTO VAKUUM US;SPiQ US;SPiQ AUTO;SPiQ COMPACT;SPiQ COMPACT AUTO;SPSXLF;SPSXLS;Single Print WAND
ZUB102375|Druckrakel 32cm 85-Shore|"squeegee blade 32cm(12,6"") 85-shore"|ST|1|10,5575|SPSX;SPXC;SP5000 Manuell;SP5000 AUTO;SP5000 Manuell VAKUUM;SP5000 AUTO VAKUUM;70x120;SPiQ-2 US;Single Print WAND VAKUUM;Single Print FAHRBAR;Single Print FAHRBAR VAKUUM;45x70;50x70;70x100;80x110;80x120;90x120;SPiQ US;SPiQ AUTO US;SPiQ COMPACT US;SPiQ COMPACT AUTO US;43x50;45x55;Single Print WAND;SPiQ-2;SP5000 Manuell US;SP5000 Manuell VAKUUM US;SP5000 AUTO US;SP5000 AUTO VAKUUM US;SPiQ;SPiQ AUTO;SPiQ COMPACT;SPiQ COMPACT AUTO;SPSXLF;SPSXLS
ZUB102394|Alu-Palette ohne Hals 32x100cm_500|alu-pallet without neck 32x100cm_500|ST|3|90,81056|SP5000 Manuell;SP5000 AUTO;80x120;90x120;70x120;50x70;70x100;80x110;SP5000 AUTO VAKUUM US;SPiQ US;SPiQ AUTO US;SP5000 Manuell US;SP5000 Manuell VAKUUM US;SP5000 AUTO US;SPiQ AUTO;SP5000 Manuell VAKUUM;SP5000 AUTO VAKUUM;SPiQ
ZUB102396|Alu-Ärmelpalette Doppelbestückung 13x80cm_500|alu-sleeve pallet double assembly 13x80cm_500|ST|3|157,39|SP5000 Manuell;SP5000 AUTO;SP5000 Manuell VAKUUM;SP5000 AUTO VAKUUM;SPiQ;SPiQ AUTO;50x70;SP5000 Manuell US;SP5000 Manuell VAKUUM US;SP5000 AUTO US;SP5000 AUTO VAKUUM US;SPiQ US;SPiQ AUTO US
ZUB102434|Alu-Palette mit Hals 26x80cm_400|alu-pallet with neck 26x80cm_400|ST|3|84,9875|SPSX;SPXC;SPiQ COMPACT;SPiQ COMPACT AUTO;SPiQ COMPACT US;SPiQ COMPACT AUTO US;43x50;45x55
ZUB102450|Druckrakel 26cm 85-Shore|squeegee blade 26cm(10,2) 85-shore|ST|1|17,59|SPSX;SPXC;SP5000 Manuell;SP5000 AUTO;SP5000 Manuell VAKUUM;SP5000 AUTO VAKUUM;70x120;SPiQ-2 US;Single Print WAND VAKUUM;Single Print FAHRBAR;Single Print FAHRBAR VAKUUM;45x70;50x70;70x100;80x110;80x120;90x120;SPiQ US;SPiQ AUTO US;SPiQ COMPACT US;SPiQ COMPACT AUTO US;43x50;45x55;Single Print WAND;SPiQ-2;SP5000 Manuell US;SP5000 Manuell VAKUUM US;SP5000 AUTO US;SP5000 AUTO VAKUUM US;SPiQ;SPiQ AUTO;SPiQ COMPACT;SPiQ COMPACT AUTO;SPSXLF;SPSXLS
ZUB102454|Alu-Palette mit Hals 40x80cm_400|alu-pallet with neck 40x80cm_400|ST|3|86,32571|SPSX;SPXC;SPiQ COMPACT;SPiQ COMPACT AUTO;SPiQ COMPACT US;SPiQ COMPACT AUTO US;43x50;45x55
ZUB103101|Kühlstation CM 4355|cooling station CM 4355|ST|5|0,0|SPXC;43x50
ZUB103155|Kühlstation CM 4661|cooling station CM 4661|ST|5|1325,25|SPSX;SPiQ COMPACT;SPiQ COMPACT AUTO;SPSXLS;SPiQ COMPACT US;SPiQ COMPACT AUTO US;45x55;45x70
ZUB103657|Textil-Trockner LEVEL|textile dryer LEVEL|ST|6|0,0|SPSX;SPXC;SP5000 Manuell;SP5000 AUTO;SP5000 Manuell VAKUUM;80x110;80x120;90x120;70x120;45x55;45x70;50x70;70x100;SPiQ COMPACT AUTO;SPSXLF;SPSXLS;SPiQ-2;43x50;SP5000 AUTO VAKUUM;SPiQ;SPiQ AUTO;SPiQ COMPACT
ZUB103973|Alu-Palette ohne Hals 40x100cm_500|alu-pallet without neck 40x100cm_500|ST|3|89,49|SP5000 Manuell;SP5000 AUTO;SP5000 Manuell VAKUUM;SP5000 AUTO VAKUUM;SPiQ;SPiQ AUTO;50x70;70x100;80x110;80x120;90x120;70x120;SP5000 Manuell US;SP5000 Manuell VAKUUM US;SP5000 AUTO US;SP5000 AUTO VAKUUM US;SPiQ US;SPiQ AUTO US
ZUB103976|Alu-Palette ohne Hals 26x80cm_400|alu-pallet without neck 26x80cm_400|ST|3|84,98714|SPSX;SPXC;SPiQ COMPACT;SPiQ COMPACT AUTO;SPiQ COMPACT US;SPiQ COMPACT AUTO US;43x50;45x55
ZUB103979|Druckrakel 50cm 65-Shore|"squeegee blade 50cm(19,6"") 65-shore"|ST|1|14,09667|SPSX;SPXC;SP5000 Manuell;SP5000 AUTO;SP5000 Manuell VAKUUM;SP5000 AUTO VAKUUM;70x120;SPiQ-2 US;Single Print WAND VAKUUM;Single Print FAHRBAR;Single Print FAHRBAR VAKUUM;45x70;50x70;70x100;80x110;80x120;90x120;SPiQ US;SPiQ AUTO US;SPiQ COMPACT US;SPiQ COMPACT AUTO US;43x50;45x55;Single Print WAND;SPiQ-2;SP5000 Manuell US;SP5000 Manuell VAKUUM US;SP5000 AUTO US;SP5000 AUTO VAKUUM US;SPiQ;SPiQ AUTO;SPiQ COMPACT;SPiQ COMPACT AUTO;SPSXLF;SPSXLS
ZUB103982|Alu-Palette ohne Hals & Gummiauflage 2mm 26x80cm_4|alu-pallet without neck and rubber coated 26x80cm_|ST|3|153,34625|SPSX;SPXC;SPiQ COMPACT;SPiQ COMPACT AUTO;SPiQ COMPACT US;SPiQ COMPACT AUTO US;43x50;45x55
ZUB103983|Alu-Palette mit Hals & Gummiauflage 2mm 26x80cm_40|alu-pallet with neck and rubber coated 26x80cm_400|ST|3|153,345|SPSX;SPXC;SPiQ COMPACT;SPiQ COMPACT AUTO;SPiQ COMPACT US;SPiQ COMPACT AUTO US;43x50;45x55
ZUB103984|Alu-Palette mit Hals & Gummiauflage 2mm 45x100cm_5|alu-pallet with neck and rubber coated 45x100cm_50|ST|3|319,39389|SP5000 Manuell;SP5000 AUTO;SP5000 Manuell VAKUUM;SP5000 AUTO VAKUUM;SPiQ;90x120;70x120;SPiQ US;SPiQ AUTO US;50x70;70x100;80x110;80x120;SPiQ AUTO;SP5000 Manuell US;SP5000 Manuell VAKUUM US;SP5000 AUTO US;SP5000 AUTO VAKUUM US
ZUB104114|Druckrakel 50cm 75-Shore|"squeegee blade 50cm(19,6"") 75-shore"|ST|1|15,2775|SPSX;SPXC;SPiQ-2 US;Single Print WAND VAKUUM;Single Print FAHRBAR;Single Print FAHRBAR VAKUUM;80x110;80x120;90x120;70x120;45x55;45x70;50x70;70x100;SPiQ COMPACT US;SPiQ COMPACT AUTO US;43x50;SP5000 AUTO VAKUUM US;SPiQ US;SPiQ AUTO US;SP5000 Manuell VAKUUM US;SP5000 AUTO US;SPiQ-2;SP5000 Manuell US;SPSXLF;SPSXLS;Single Print WAND;SPiQ AUTO;SPiQ COMPACT;SPiQ COMPACT AUTO;SP5000 Manuell VAKUUM;SP5000 AUTO VAKUUM;SPiQ;SP5000 Manuell;SP5000 AUTO
ZUB104115|Druckrakel 50cm 85-Shore|"squeegee blade 50cm(19,6"") 85-shore"|ST|1|15,84|SPSX;SPXC;SP5000 Manuell;SP5000 AUTO;SP5000 Manuell VAKUUM;SP5000 AUTO VAKUUM;70x120;SPiQ-2 US;Single Print WAND VAKUUM;Single Print FAHRBAR;Single Print FAHRBAR VAKUUM;45x70;50x70;70x100;80x110;80x120;90x120;SPiQ US;SPiQ AUTO US;SPiQ COMPACT US;SPiQ COMPACT AUTO US;43x50;45x55;Single Print WAND;SPiQ-2;SP5000 Manuell US;SP5000 Manuell VAKUUM US;SP5000 AUTO US;SP5000 AUTO VAKUUM US;SPiQ;SPiQ AUTO;SPiQ COMPACT;SPiQ COMPACT AUTO;SPSXLF;SPSXLS
ZUB104116|Flutrakel low 50cm|flood blade low 50cm|ST|2|8,66762|SPSX;SPiQ;SPiQ COMPACT;SPSXLF;SPSXLS;Single Print WAND;Single Print WAND VAKUUM;Single Print FAHRBAR;Single Print FAHRBAR VAKUUM;70x100;80x110;80x120;90x120;70x120;SPiQ-2 US;SPiQ-2;SPiQ US;SPiQ COMPACT US;45x55;45x70;50x70
ZUB104117|Alu-Palette ohne Hals 52x80cm_400|alu-pallet without neck 52x80cm_400|ST|3|93,80429|SPSX;SPiQ COMPACT;SPiQ COMPACT AUTO;SPiQ COMPACT US;SPiQ COMPACT AUTO US;45x55
ZUB104118|Druckrakel 13cm 65-Shore|"squeegee blade 13cm(5,1"") 65-shore"|ST|1|11,071|SPSX;SPXC;SP5000 Manuell;SPiQ-2 US;Single Print WAND VAKUUM;Single Print FAHRBAR;Single Print FAHRBAR VAKUUM;70x100;80x110;80x120;90x120;70x120;43x50;45x55;45x70;50x70;SPiQ US;SPiQ AUTO US;SPiQ COMPACT US;SPiQ COMPACT AUTO US;SP5000 Manuell VAKUUM US;SP5000 AUTO US;SP5000 AUTO VAKUUM US;SPSXLF;SPSXLS;Single Print WAND;SPiQ-2;SP5000 Manuell US;SPiQ;SPiQ AUTO;SPiQ COMPACT;SPiQ COMPACT AUTO;SP5000 AUTO;SP5000 Manuell VAKUUM;SP5000 AUTO VAKUUM
ZUB104119|Druckrakel 13cm 85-Shore|"squeegee blade 13cm(5,1"") 85-shore"|ST|1|12,9025|SPSX;SPXC;SP5000 Manuell;SP5000 AUTO;SP5000 Manuell VAKUUM;SP5000 AUTO VAKUUM;70x120;SPiQ-2 US;Single Print WAND VAKUUM;Single Print FAHRBAR;Single Print FAHRBAR VAKUUM;45x70;50x70;70x100;80x110;80x120;90x120;SPiQ US;SPiQ AUTO US;SPiQ COMPACT US;SPiQ COMPACT AUTO US;43x50;45x55;Single Print WAND;SPiQ-2;SP5000 Manuell US;SP5000 Manuell VAKUUM US;SP5000 AUTO US;SP5000 AUTO VAKUUM US;SPiQ;SPiQ AUTO;SPiQ COMPACT;SPiQ COMPACT AUTO;SPSXLF;SPSXLS
ZUB104121|Alu-Palette ohne Hals 40x80cm_400|alu-pallet without neck 40x80cm_400|ST|3|84,125|SPSX;SPXC;SPiQ COMPACT;SPiQ COMPACT AUTO;SPiQ COMPACT US;SPiQ COMPACT AUTO US;43x50;45x55
ZUB104132|Flutrakel high 13cm|flood blade high 13cm|ST|2|12,1975|SP5000 Manuell;SP5000 AUTO;SP5000 Manuell VAKUUM;SP5000 AUTO VAKUUM;SPiQ AUTO;SPiQ COMPACT AUTO;70x120;45x55;50x70;70x100;80x110;80x120;90x120;SP5000 Manuell US;SP5000 Manuell VAKUUM US;SP5000 AUTO US;SP5000 AUTO VAKUUM US;SPiQ AUTO US;SPiQ COMPACT AUTO US
ZUB104192|Flutrakel high 36cm|flood blade high 36cm|ST|2|9,99875|SP5000 Manuell;SP5000 AUTO;SP5000 Manuell VAKUUM;SP5000 AUTO VAKUUM;SPiQ AUTO;SPiQ COMPACT AUTO;70x120;45x55;50x70;70x100;80x110;80x120;90x120;SP5000 Manuell US;SP5000 Manuell VAKUUM US;SP5000 AUTO US;SP5000 AUTO VAKUUM US;SPiQ AUTO US;SPiQ COMPACT AUTO US
ZUB104286|Druckrakel 36cm 55-Shore|"squeegee blade 36cm(14,1"") 55-shore"|ST|1|9,16333|SPSX;SPXC;SP5000 Manuell;SP5000 AUTO;Single Print WAND VAKUUM;Single Print FAHRBAR;Single Print FAHRBAR VAKUUM;90x120;70x120;SPiQ-2 US;70x100;80x110;80x120;45x55;45x70;50x70;SPiQ COMPACT US;SPiQ COMPACT AUTO US;43x50;SP5000 AUTO VAKUUM US;SPiQ US;SPiQ AUTO US;SP5000 Manuell US;SP5000 Manuell VAKUUM US;SP5000 AUTO US;SPSXLF;SPSXLS;Single Print WAND;SPiQ-2;SP5000 Manuell VAKUUM;SP5000 AUTO VAKUUM;SPiQ;SPiQ AUTO;SPiQ COMPACT;SPiQ COMPACT AUTO
ZUB104292|Druckrakel 36cm 65-Shore|"squeegee blade 36cm(14,1"") 65-shore"|ST|1|16,614|SPSX;SPXC;SP5000 Manuell;SP5000 AUTO;SP5000 Manuell VAKUUM;Single Print FAHRBAR;Single Print FAHRBAR VAKUUM;80x110;80x120;90x120;70x120;SPiQ-2 US;Single Print WAND VAKUUM;43x50;45x55;45x70;50x70;70x100;SP5000 AUTO US;SP5000 AUTO VAKUUM US;SPiQ US;SPiQ AUTO US;SPiQ COMPACT US;SPiQ COMPACT AUTO US;SPSXLS;Single Print WAND;SPiQ-2;SP5000 Manuell US;SP5000 Manuell VAKUUM US;SP5000 AUTO VAKUUM;SPiQ;SPiQ AUTO;SPiQ COMPACT;SPiQ COMPACT AUTO;SPSXLF
ZUB104293|Alu-Palette ohne Hals 36x100cm_500|alu-pallet without neck 36x100cm_500|ST|3|90,00111|SP5000 Manuell;SP5000 AUTO;SP5000 Manuell VAKUUM;SP5000 AUTO VAKUUM;SPiQ;SPiQ AUTO;50x70;70x100;80x110;80x120;90x120;70x120;SP5000 Manuell US;SP5000 Manuell VAKUUM US;SP5000 AUTO US;SP5000 AUTO VAKUUM US;SPiQ US;SPiQ AUTO US
ZUB104295|Druckrakel 72cm 85-Shore|"squeegee blade 72cm(28,3"") 85-shore"|ST|1|20,295|SP5000 Manuell;SP5000 AUTO;SP5000 Manuell VAKUUM;SP5000 AUTO VAKUUM;SPiQ;SPiQ AUTO;70x120;SPiQ-2 US;Single Print WAND VAKUUM;Single Print FAHRBAR;Single Print FAHRBAR VAKUUM;SPiQ US;SPiQ AUTO US;70x100;80x110;80x120;90x120;Single Print WAND;SPiQ-2;SP5000 Manuell US;SP5000 Manuell VAKUUM US;SP5000 AUTO US;SP5000 AUTO VAKUUM US
ZUB104356|Druckrakel 26cm 65-Shore|"squeegee blade 26cm(10,2"") 65-shore"|ST|1|14,493|SPSX;SPXC;SP5000 Manuell;SP5000 AUTO;SP5000 Manuell VAKUUM;SP5000 AUTO VAKUUM;70x120;SPiQ-2 US;Single Print WAND VAKUUM;Single Print FAHRBAR;Single Print FAHRBAR VAKUUM;45x70;50x70;70x100;80x110;80x120;90x120;SPiQ US;SPiQ AUTO US;SPiQ COMPACT US;SPiQ COMPACT AUTO US;43x50;45x55;Single Print WAND;SPiQ-2;SP5000 Manuell US;SP5000 Manuell VAKUUM US;SP5000 AUTO US;SP5000 AUTO VAKUUM US;SPiQ;SPiQ AUTO;SPiQ COMPACT;SPiQ COMPACT AUTO;SPSXLF;SPSXLS
ZUB104578|MHM Positionierlaser mit Halterung|laser light-system 2Z-Z5t + stand mounting|ST|4|331,40333|SPSX;SPXC;SP5000 Manuell;SP5000 AUTO;SP5000 Manuell VAKUUM;SP5000 AUTO VAKUUM;70x120;SPiQ-2 US;Single Print WAND VAKUUM;Single Print FAHRBAR;Single Print FAHRBAR VAKUUM;45x70;50x70;70x100;80x110;80x120;90x120;SPiQ US;SPiQ AUTO US;SPiQ COMPACT US;SPiQ COMPACT AUTO US;43x50;45x55;Single Print WAND;SPiQ-2;SP5000 Manuell US;SP5000 Manuell VAKUUM US;SP5000 AUTO US;SP5000 AUTO VAKUUM US;SPiQ;SPiQ AUTO;SPiQ COMPACT;SPiQ COMPACT AUTO;SPSXLF;SPSXLS
ZUB104683|Druckrakel 82cm 65-Shore|"squeegee blade 82cm(32,2"") 65-shore"|ST|1|23,41|SP5000 Manuell;SP5000 AUTO;SP5000 Manuell VAKUUM;SP5000 AUTO VAKUUM;SPiQ;80x120;90x120;SPiQ-2 US;Single Print WAND VAKUUM;Single Print FAHRBAR;Single Print FAHRBAR VAKUUM;SP5000 AUTO US;SP5000 AUTO VAKUUM US;SPiQ US;SPiQ AUTO US;80x110;SPiQ AUTO;Single Print WAND;SPiQ-2;SP5000 Manuell US;SP5000 Manuell VAKUUM US
ZUB104684|Druckrakel 82cm 85-Shore|"squeegee blade 82cm(32,2"") 85-shore"|ST|1|0,0|SP5000 Manuell;SP5000 AUTO;SP5000 Manuell VAKUUM;SP5000 AUTO VAKUUM;SPiQ;SPiQ AUTO;Single Print WAND VAKUUM;Single Print FAHRBAR;Single Print FAHRBAR VAKUUM;SPiQ US;SPiQ AUTO US;80x110;80x120;90x120;SPiQ-2 US;Single Print WAND;SPiQ-2;SP5000 Manuell US;SP5000 Manuell VAKUUM US;SP5000 AUTO US;SP5000 AUTO VAKUUM US
ZUB104714|Alu-Palette ohne Hals SPSXLS 52x100cm_400|alu-pallet without neck SPSXLS 52x100cm_400|ST|3|111,34125|SPSXLF;SPSXLS;Single Print WAND;SPiQ-2;Single Print WAND VAKUUM;Single Print FAHRBAR;Single Print FAHRBAR VAKUUM;45x70;50x70;70x100;80x110;SPiQ-2 US
ZUB104715|Alu-Palette ohne Hals SPSXLS 55x100cm_400|alu-pallet without neck SPSXLS 55x100cm_400|ST|3|110,495|SPSXLF;SPSXLS;Single Print WAND;SPiQ-2;Single Print WAND VAKUUM;Single Print FAHRBAR;Single Print FAHRBAR VAKUUM;45x70;50x70;70x100;80x110;SPiQ-2 US
ZUB104716|Alu-Palette ohne Hals SPSXLS 52x100cm_400 & Gummia|alu-pallet without neck 52x100cm_400 & rubber coat|ST|3|224,78688|SPSXLF;SPSXLS;Single Print WAND;SPiQ-2;45x70;50x70;70x100;80x110;SPiQ-2 US;Single Print WAND VAKUUM;Single Print FAHRBAR;Single Print FAHRBAR VAKUUM
ZUB104730|MHM Bohrlehre Passerbuchse bis DF 70x100 IT|MHM drilling jig for pinlock till PF 70x100 IT|ST|4|54,945|SPSX;SPXC;SP5000 Manuell;SP5000 AUTO;SP5000 Manuell VAKUUM;SP5000 AUTO VAKUUM;Single Print FAHRBAR;Single Print FAHRBAR VAKUUM;45x70;50x70;70x100;70x120;SPiQ-2 US;Single Print WAND VAKUUM;SPiQ US;SPiQ AUTO US;SPiQ COMPACT US;SPiQ COMPACT AUTO US;43x50;45x55;Single Print WAND;SPiQ-2;SP5000 Manuell US;SP5000 Manuell VAKUUM US;SP5000 AUTO US;SP5000 AUTO VAKUUM US;SPiQ;SPiQ AUTO;SPiQ COMPACT;SPiQ COMPACT AUTO;SPSXLF;SPSXLS
ZUB104731|MHM Bohrlehre Passerbuchse DF 80x110 bis 100x130 I|MHM drilling jig for pinlock PF 80x110 till 100x13|ST|4|72,52|SP5000 Manuell;SP5000 AUTO;SP5000 Manuell VAKUUM;SP5000 AUTO VAKUUM;SPiQ;SPiQ AUTO;Single Print WAND VAKUUM;Single Print FAHRBAR;Single Print FAHRBAR VAKUUM;SPiQ US;SPiQ AUTO US;80x110;80x120;90x120;SPiQ-2 US;Single Print WAND;SPiQ-2;SP5000 Manuell US;SP5000 Manuell VAKUUM US;SP5000 AUTO US;SP5000 AUTO VAKUUM US
ZUB104912|Rakelschleifmaschine Automatik (max. Rakellänge 10|Squeegee Grinder automatic Rackcutter (sq. max. si|ST|9|6779,0|SPSX;SPXC;SP5000 Manuell;70x120;SPiQ-2 US;50x70;70x100;80x110;80x120;90x120;43x50;45x55;45x70;SPiQ AUTO US;SPiQ COMPACT US;SPiQ COMPACT AUTO US;SP5000 AUTO US;SP5000 AUTO VAKUUM US;SPiQ US;SPiQ-2;SP5000 Manuell US;SP5000 Manuell VAKUUM US;SPiQ COMPACT AUTO;SPSXLF;SPSXLS;SPiQ;SPiQ AUTO;SPiQ COMPACT;SP5000 AUTO;SP5000 Manuell VAKUUM;SP5000 AUTO VAKUUM
ZUB104956|Siebspanngerät für 50x70cm|screen stretching unit for 50x70cm|ST|9|4131,0|SPSX;SPXC;SP5000 Manuell;SP5000 AUTO;SP5000 Manuell VAKUUM;SP5000 AUTO VAKUUM;45x55;45x70;50x70;SPiQ-2 US;SP5000 AUTO VAKUUM US;SPiQ US;SPiQ AUTO US;SPiQ COMPACT US;SPiQ COMPACT AUTO US;43x50;SPSXLS;SPiQ-2;SP5000 Manuell US;SP5000 Manuell VAKUUM US;SP5000 AUTO US;SPiQ;SPiQ AUTO;SPiQ COMPACT;SPiQ COMPACT AUTO;SPSXLF
ZUB105010|Druckrakel 36cm 85-Shore|"squeegee blade 36cm(14,1"") 85-shore"|ST|1|13,014|SPSX;SPXC;SP5000 Manuell;SP5000 AUTO;SP5000 Manuell VAKUUM;SP5000 AUTO VAKUUM;Single Print FAHRBAR;Single Print FAHRBAR VAKUUM;80x110;80x120;90x120;70x120;SPiQ-2 US;Single Print WAND VAKUUM;43x50;45x55;45x70;50x70;70x100;SP5000 AUTO VAKUUM US;SPiQ US;SPiQ AUTO US;SPiQ COMPACT US;SPiQ COMPACT AUTO US;Single Print WAND;SPiQ-2;SP5000 Manuell US;SP5000 Manuell VAKUUM US;SP5000 AUTO US;SPiQ;SPiQ AUTO;SPiQ COMPACT;SPiQ COMPACT AUTO;SPSXLF;SPSXLS
ZUB105015|"MHM-Spyder II DTS 30"" (50x70)"|"MHM-Spyder II DTS 30"" (50x70)"|ST|9|33359,84|SPSX;SPXC;SP5000 Manuell;SP5000 AUTO;SP5000 Manuell VAKUUM;SP5000 AUTO VAKUUM;50x70;SPiQ-2 US;SPiQ AUTO US;SPiQ COMPACT US;SPiQ COMPACT AUTO US;43x50;45x55;45x70;SPiQ-2;SP5000 Manuell US;SP5000 Manuell VAKUUM US;SP5000 AUTO US;SP5000 AUTO VAKUUM US;SPiQ US;SPiQ;SPiQ AUTO;SPiQ COMPACT;SPiQ COMPACT AUTO;SPSXLF;SPSXLS
ZUB105016|"MHM-Spyder II DTS 52"" (80x110)"|"MHM-Spyder II DTS 52"" (80x110)"|ST|9|43913,3|SP5000 Manuell;SP5000 AUTO;SP5000 Manuell VAKUUM;SP5000 AUTO VAKUUM;SPiQ;SPiQ AUTO;80x120;90x120;70x120;SPiQ-2 US;SP5000 AUTO VAKUUM US;SPiQ US;SPiQ AUTO US;70x100;80x110;SPiQ-2;SP5000 Manuell US;SP5000 Manuell VAKUUM US;SP5000 AUTO US
ZUB105017|MHM-Spyder WAX FUJI 100g|MHM Spyder WAX|ST|9|30,0|SPSX;SPXC;SP5000 Manuell;SP5000 AUTO;SP5000 Manuell VAKUUM;SP5000 AUTO VAKUUM;SPiQ-2 US;50x70;70x100;80x110;80x120;90x120;70x120;SPiQ AUTO US;SPiQ COMPACT US;SPiQ COMPACT AUTO US;43x50;45x55;45x70;SPiQ-2;SP5000 Manuell US;SP5000 Manuell VAKUUM US;SP5000 AUTO US;SP5000 AUTO VAKUUM US;SPiQ US;SPiQ;SPiQ AUTO;SPiQ COMPACT;SPiQ COMPACT AUTO;SPSXLF;SPSXLS
ZUB105135|Siebspanngerät für 70x100cm|screen stretching unit for 70x100cm|ST|9|0,0|SP5000 Manuell;SP5000 AUTO;SP5000 Manuell VAKUUM;SP5000 AUTO VAKUUM;SPiQ;SPiQ AUTO;SPiQ AUTO US;70x100;SPiQ-2 US;SPiQ-2;SP5000 Manuell US;SP5000 Manuell VAKUUM US;SP5000 AUTO US;SP5000 AUTO VAKUUM US;SPiQ US
ZUB105239|Textil-Trockner COMPACT G-18-H-HS|textile dryer COMPACT G-18-H-HS|ST|6|0,0|SPSX;SPXC;SP5000 Manuell;80x120;90x120;70x120;45x70;50x70;70x100;80x110;SPiQ-2;43x50;45x55;SPiQ COMPACT AUTO;SPSXLF;SPSXLS;SPiQ;SPiQ AUTO;SPiQ COMPACT;SP5000 AUTO;SP5000 Manuell VAKUUM;SP5000 AUTO VAKUUM
ZUB105281|Textil-Trockner COMPACT E-15-H-HS|textile dryer COMPACT E-15-H-HS|ST|6|17844,8|SPSX;SPXC;SP5000 Manuell;SP5000 AUTO;SP5000 Manuell VAKUUM;SP5000 AUTO VAKUUM;80x110;80x120;90x120;70x120;SPiQ-2;43x50;45x55;45x70;50x70;70x100;SPiQ;SPiQ AUTO;SPiQ COMPACT;SPiQ COMPACT AUTO;SPSXLF;SPSXLS
ZUB105281-2|Textil-Trockner COMPACT E-15-H-HS-X US|textile dryer COMPACT E-15-H-HS-X US|ST|6|18887,0|SPSX;SPXC;SPSXLF;SPSXLS;SPiQ-2 US;50x70;70x100;80x110;80x120;90x120;70x120;SPiQ COMPACT US;SPiQ COMPACT AUTO US;43x50;45x55;45x70;SP5000 Manuell US;SP5000 Manuell VAKUUM US;SP5000 AUTO US;SP5000 AUTO VAKUUM US;SPiQ US;SPiQ AUTO US
ZUB105283|Alu-Palette mit Hals & Gummiauflage 2mm 36x100_500|alu-pallet with neck and rubber coated 36x100_500|ST|3|0,0|SP5000 Manuell;SP5000 AUTO;SP5000 Manuell VAKUUM;SP5000 AUTO VAKUUM;SPiQ;SPiQ AUTO;50x70;70x100;80x110;80x120;90x120;70x120;SP5000 Manuell US;SP5000 Manuell VAKUUM US;SP5000 AUTO US;SP5000 AUTO VAKUUM US;SPiQ US;SPiQ AUTO US
ZUB105300|Textil-Trockner COMPACT E-18-H-HS|textile dryer COMPACT E-18-H-HS|ST|6|17125,0|SPSX;SPXC;SP5000 Manuell;SP5000 AUTO;SP5000 Manuell VAKUUM;SP5000 AUTO VAKUUM;70x120;50x70;70x100;80x110;80x120;90x120;SPiQ-2;43x50;45x55;45x70;SPiQ;SPiQ AUTO;SPiQ COMPACT;SPiQ COMPACT AUTO;SPSXLF;SPSXLS
ZUB105314|Textil-Trockner COMPACT G-12-H-HS [gesperrt]|textile dryer COMPACT G-12-H-HS|ST|6|17200,0|SPSX;SPXC;SP5000 Manuell;SP5000 AUTO;SP5000 Manuell VAKUUM;SP5000 AUTO VAKUUM;80x110;80x120;90x120;70x120;SPiQ-2;43x50;45x55;45x70;50x70;70x100;SPiQ;SPiQ AUTO;SPiQ COMPACT;SPiQ COMPACT AUTO;SPSXLF;SPSXLS
ZUB105338|MHM Reinigungsmaschine TS-C|MHM garment cleaning machine TS-C|ST|9|3184,0|SPSX;SPXC;SP5000 Manuell;SP5000 AUTO;45x55;45x70;50x70;SPiQ-2 US;SP5000 AUTO VAKUUM US;SPiQ US;SPiQ AUTO US;SPiQ COMPACT US;SPiQ COMPACT AUTO US;43x50;SPSXLS;SPiQ-2;SP5000 Manuell US;SP5000 Manuell VAKUUM US;SP5000 AUTO US;SPiQ AUTO;SPiQ COMPACT;SPiQ COMPACT AUTO;SPSXLF;SP5000 Manuell VAKUUM;SP5000 AUTO VAKUUM;SPiQ
ZUB105377|Textil-Trockner COMPACT E-12-H-HS [gesperrt]|textile dryer COMPACT E-12-H-HS|ST|6|15625,0|SPSX;SPXC;SP5000 Manuell;SP5000 AUTO;SP5000 Manuell VAKUUM;SP5000 AUTO VAKUUM;80x110;80x120;90x120;70x120;SPiQ-2;43x50;45x55;45x70;50x70;70x100;SPiQ;SPiQ AUTO;SPiQ COMPACT;SPiQ COMPACT AUTO;SPSXLF;SPSXLS
ZUB105392|Alu-Palette ohne Hals 26x100cm_500|alu-pallet without neck 26x100cm_500|ST|3|87,2|SP5000 Manuell;SP5000 AUTO;SP5000 Manuell VAKUUM;SP5000 AUTO VAKUUM;SPiQ;SPiQ AUTO;80x120;90x120;70x120;SPiQ US;SPiQ AUTO US;50x70;70x100;80x110;SP5000 Manuell US;SP5000 Manuell VAKUUM US;SP5000 AUTO US;SP5000 AUTO VAKUUM US
ZUB105443|Multiprint Option|multiprint option|ST|4|1,0|SPSX;SPXC;SP5000 Manuell;SP5000 AUTO;SP5000 Manuell VAKUUM;SP5000 AUTO VAKUUM;80x120;90x120;70x120;43x50;45x55;45x70;50x70;70x100;80x110;SPSXLF;SPSXLS;SP5000 Manuell US;SP5000 Manuell VAKUUM US;SP5000 AUTO US;SP5000 AUTO VAKUUM US
ZUB105444|Einstellbare Drehgeschwindigkeit SPSX_SPXC_SP5000_|adjustable index speed SPSX_SPXC_SP5000_SPiQ|ST|4|1,0|SPSX;SPXC;SP5000 Manuell;SP5000 AUTO;SPiQ-2 US;80x120;90x120;70x120;50x70;70x100;80x110;SPiQ AUTO US;SPiQ COMPACT US;SPiQ COMPACT AUTO US;43x50;45x55;45x70;SP5000 AUTO US;SP5000 AUTO VAKUUM US;SPiQ US;SPiQ-2;SP5000 Manuell US;SP5000 Manuell VAKUUM US;SPiQ AUTO;SPiQ COMPACT;SPiQ COMPACT AUTO;SPSXLF;SPSXLS;SP5000 Manuell VAKUUM;SP5000 AUTO VAKUUM;SPiQ
ZUB105447|Viewing Software für Statustransfer auf Android-Ha|viewing software (for status transfer to android-m|ST|4|1,0|SPSX;SPXC;SP5000 Manuell;SP5000 AUTO;SP5000 Manuell VAKUUM;SP5000 AUTO VAKUUM;Single Print FAHRBAR;Single Print FAHRBAR VAKUUM;80x120;90x120;70x120;SPiQ-2 US;Single Print WAND VAKUUM;50x70;70x100;80x110;SPiQ COMPACT US;SPiQ COMPACT AUTO US;43x50;45x55;45x70;SP5000 Manuell US;SP5000 Manuell VAKUUM US;SP5000 AUTO US;SP5000 AUTO VAKUUM US;SPiQ US;SPiQ AUTO US;SPSXLS;Single Print WAND;SPiQ-2;SPiQ;SPiQ AUTO;SPiQ COMPACT;SPiQ COMPACT AUTO;SPSXLF
ZUB105456|Druckrakel 40cm 85-Shore|"squeegee blade 40cm(15,7"") 85-shore"|ST|1|13,682|SPSX;SPXC;SP5000 Manuell;SP5000 AUTO;SP5000 Manuell VAKUUM;SP5000 AUTO VAKUUM;Single Print FAHRBAR;Single Print FAHRBAR VAKUUM;80x110;80x120;90x120;70x120;SPiQ-2 US;Single Print WAND VAKUUM;43x50;45x55;45x70;50x70;70x100;SP5000 AUTO US;SP5000 AUTO VAKUUM US;SPiQ US;SPiQ AUTO US;SPiQ COMPACT US;SPiQ COMPACT AUTO US;SPSXLS;Single Print WAND;SPiQ-2;SP5000 Manuell US;SP5000 Manuell VAKUUM US;SPiQ;SPiQ AUTO;SPiQ COMPACT;SPiQ COMPACT AUTO;SPSXLF
ZUB105490|Siebspanngerät für 100x200cm|screen stretching unit for 100x200cm|ST|9|0,0|SP5000 Manuell;SP5000 AUTO;SP5000 Manuell VAKUUM;SP5000 AUTO VAKUUM;80x110;80x120;90x120;70x120;SPiQ-2 US;SP5000 AUTO US;SP5000 AUTO VAKUUM US;SPiQ US;SPiQ AUTO US;SPiQ;SPiQ AUTO;SPiQ-2;SP5000 Manuell US;SP5000 Manuell VAKUUM US
ZUB105512|Textil-Trockner Maxi [gesperrt]|textile-dryer MAXI|ST|6|12160,0|SPSX;SPXC;SP5000 Manuell;SP5000 AUTO;SP5000 Manuell VAKUUM;SP5000 AUTO VAKUUM;80x110;80x120;90x120;70x120;SPiQ-2;43x50;45x55;45x70;50x70;70x100;SPiQ;SPiQ AUTO;SPiQ COMPACT;SPiQ COMPACT AUTO;SPSXLF;SPSXLS
ZUB105514|Textil-Trockner COMPACT G-15-H-HS|textile dryer COMPACT G-15-H-HS|ST|6|18848,0|SPSX;SPXC;SP5000 Manuell;SP5000 AUTO;SP5000 Manuell VAKUUM;SP5000 AUTO VAKUUM;70x100;80x110;80x120;90x120;70x120;SPiQ-2;43x50;45x55;45x70;50x70;SPiQ;SPiQ AUTO;SPiQ COMPACT;SPiQ COMPACT AUTO;SPSXLF;SPSXLS
ZUB105549|Textil-Trockner COMPACT G-15-H-HS US|textile dryer COMPACT G-15-H-HS US|ST|6|19889,0|SPSX;SPXC;SPSXLF;SPSXLS;SP5000 Manuell US;SPiQ-2 US;50x70;70x100;80x110;80x120;90x120;70x120;SPiQ COMPACT US;SPiQ COMPACT AUTO US;43x50;45x55;45x70;SP5000 Manuell VAKUUM US;SP5000 AUTO US;SP5000 AUTO VAKUUM US;SPiQ US;SPiQ AUTO US
ZUB105550|Textil-Trockner COMPACT G-18-H-HS-X US|textile dryer COMPACT G-18-H-HS-X US|ST|6|21029,0|SPSX;SPXC;SPSXLF;SPSXLS;SP5000 Manuell US;SP5000 Manuell VAKUUM US;80x120;90x120;70x120;SPiQ-2 US;43x50;45x55;45x70;50x70;70x100;80x110;SP5000 AUTO US;SP5000 AUTO VAKUUM US;SPiQ US;SPiQ AUTO US;SPiQ COMPACT US;SPiQ COMPACT AUTO US
ZUB105551|Textil-Trockner Drylight DLT-G-17-HH-SC-DB-X US SP|textile dryer Drylight DLT-G-17-HH-SC-DB-X US SPSI|ST|6|32687,0|SPSX;SPXC;90x120;70x120;SPiQ-2 US;70x100;80x110;80x120;45x55;45x70;50x70;SPiQ COMPACT US;SPiQ COMPACT AUTO US;43x50;SP5000 AUTO VAKUUM US;SPiQ US;SPiQ AUTO US;SP5000 Manuell US;SP5000 Manuell VAKUUM US;SP5000 AUTO US;SPSXLF;SPSXLS
ZUB105552|Textil-Trockner Drylight DLT-G-17-HH-SC-DB-X US SP|textile dryer Drylight DLT-G-17-HH-SC-DB-X US|ST|6|31275,0|SPSX;SPXC;SPSXLF;SPSXLS;SP5000 Manuell US;SP5000 Manuell VAKUUM US;80x120;90x120;70x120;SPiQ-2 US;43x50;45x55;45x70;50x70;70x100;80x110;SP5000 AUTO US;SP5000 AUTO VAKUUM US;SPiQ US;SPiQ AUTO US;SPiQ COMPACT US;SPiQ COMPACT AUTO US
ZUB105609|Alu-Palette ohne Hals 85x140cm_600 SP5000|alu-pallet without neck 85x140cm 600 SP5000|ST|3|244,00333|SP5000 Manuell;SP5000 AUTO;70x100;80x110;SP5000 AUTO VAKUUM US;SP5000 Manuell US;SP5000 Manuell VAKUUM US;SP5000 AUTO US;SP5000 Manuell VAKUUM;SP5000 AUTO VAKUUM
ZUB105610|Flutrakel mit Flügel low 26cm starr|flood blade with wings low 26cm steep|ST|2|14,02|SPSX;SPXC;70x120;SPiQ-2 US;Single Print WAND VAKUUM;Single Print FAHRBAR;Single Print FAHRBAR VAKUUM;80x110;80x120;90x120;45x70;50x70;70x100;SPiQ US;SPiQ COMPACT US;43x50;45x55;Single Print WAND;SPiQ-2;SPiQ;SPiQ COMPACT;SPSXLF;SPSXLS
ZUB105613|Alu-Palette ohne Hals 85x140cm_600 SPiQ|alu-pallet without neck 85x140cm 600 SPiQ|ST|3|252,063|SPiQ;SPiQ AUTO;SPiQ US;SPiQ AUTO US;80x110;80x120;90x120
ZUB105618|Alu-Palette ohne Hals mit Gummiauflage 2mm 85x140c|alu-pallet without neck rubber coated 85x140cm 600|ST|3|0,0|SPiQ;SPiQ AUTO;SPiQ US;SPiQ AUTO US;80x110;80x120;90x120
ZUB105641|Druckrakel 13cm 55-Shore|"squeegee blade 13cm(5,1"") 55-shore"|ST|1|10,175|SPSX;SPXC;SP5000 Manuell;SP5000 AUTO;SP5000 Manuell VAKUUM;SP5000 AUTO VAKUUM;Single Print FAHRBAR;Single Print FAHRBAR VAKUUM;80x110;80x120;90x120;70x120;SPiQ-2 US;Single Print WAND VAKUUM;43x50;45x55;45x70;50x70;70x100;SP5000 AUTO US;SP5000 AUTO VAKUUM US;SPiQ US;SPiQ AUTO US;SPiQ COMPACT US;SPiQ COMPACT AUTO US;SPSXLS;Single Print WAND;SPiQ-2;SP5000 Manuell US;SP5000 Manuell VAKUUM US;SPiQ;SPiQ AUTO;SPiQ COMPACT;SPiQ COMPACT AUTO;SPSXLF
ZUB105644|Druckrakel 45cm 55-Shore|"squeegee blade 45cm(17,7"") 55-shore"|ST|1|13,08125|SPSX;SPXC;SP5000 Manuell;SP5000 AUTO;SP5000 Manuell VAKUUM;SP5000 AUTO VAKUUM;70x120;SPiQ-2 US;Single Print WAND VAKUUM;Single Print FAHRBAR;Single Print FAHRBAR VAKUUM;45x70;50x70;70x100;80x110;80x120;90x120;SPiQ US;SPiQ AUTO US;SPiQ COMPACT US;SPiQ COMPACT AUTO US;43x50;45x55;Single Print WAND;SPiQ-2;SP5000 Manuell US;SP5000 Manuell VAKUUM US;SP5000 AUTO US;SP5000 AUTO VAKUUM US;SPiQ;SPiQ AUTO;SPiQ COMPACT;SPiQ COMPACT AUTO;SPSXLF;SPSXLS
ZUB105675|MHM Inhead Flock Absaugung|MHM inhead flock vacuum cleaner|ST|9|1086,59|SPSX;SPXC;SP5000 Manuell;SP5000 AUTO;SP5000 Manuell VAKUUM;SP5000 AUTO VAKUUM;50x70;SPiQ-2 US;SPiQ AUTO US;SPiQ COMPACT US;SPiQ COMPACT AUTO US;43x50;45x55;45x70;SPiQ-2;SP5000 Manuell US;SP5000 Manuell VAKUUM US;SP5000 AUTO US;SP5000 AUTO VAKUUM US;SPiQ US;SPiQ;SPiQ AUTO;SPiQ COMPACT;SPiQ COMPACT AUTO;SPSXLF;SPSXLS
ZUB105690|Druckrakel 50cm 55-Shore|"squeegee blade 50cm(19,6"") 55-shore"|ST|1|14,97833|SPSX;SPXC;SP5000 Manuell;SP5000 AUTO;SP5000 Manuell VAKUUM;Single Print FAHRBAR;Single Print FAHRBAR VAKUUM;80x110;80x120;90x120;70x120;SPiQ-2 US;Single Print WAND VAKUUM;43x50;45x55;45x70;50x70;70x100;SP5000 AUTO US;SP5000 AUTO VAKUUM US;SPiQ US;SPiQ AUTO US;SPiQ COMPACT US;SPiQ COMPACT AUTO US;SPSXLS;Single Print WAND;SPiQ-2;SP5000 Manuell US;SP5000 Manuell VAKUUM US;SP5000 AUTO VAKUUM;SPiQ;SPiQ AUTO;SPiQ COMPACT;SPiQ COMPACT AUTO;SPSXLF
ZUB105710|Alu-Palette mit Hals SPSXLS 32x100cm_400|alu-pallet with neck SPSXLS 32x100cm_400|ST|3|94,2|Single Print WAND VAKUUM;Single Print FAHRBAR;Single Print FAHRBAR VAKUUM;45x70;50x70;70x100;80x110;SPiQ-2 US;SPSXLF;SPSXLS;Single Print WAND;SPiQ-2
ZUB105711|Alu-Palette ohne Hals SPSXLS 32x100cm_400|alu-pallet without neck SPSXLS 32x100cm_400|ST|3|88,14083|SPSXLF;SPSXLS;Single Print WAND;SPiQ-2;45x70;50x70;70x100;80x110;SPiQ-2 US;Single Print WAND VAKUUM;Single Print FAHRBAR;Single Print FAHRBAR VAKUUM
ZUB105729|Option Peel-Off SP5000|Peel-Off function SP5000|ST|7|0,0|SP5000 Manuell VAKUUM;SP5000 AUTO VAKUUM;50x70;70x100;SP5000 Manuell VAKUUM US;SP5000 AUTO VAKUUM US
ZUB105733|Druckrakel 72cm 55-Shore|"squeegee blade 72cm(28,3"") 55-shore"|ST|1|19,95|SP5000 Manuell;SP5000 AUTO;SP5000 Manuell VAKUUM;SP5000 AUTO VAKUUM;SPiQ;Single Print FAHRBAR;Single Print FAHRBAR VAKUUM;80x110;80x120;90x120;70x120;SPiQ-2 US;Single Print WAND VAKUUM;SP5000 AUTO US;SP5000 AUTO VAKUUM US;SPiQ US;SPiQ AUTO US;70x100;SPiQ AUTO;Single Print WAND;SPiQ-2;SP5000 Manuell US;SP5000 Manuell VAKUUM US
ZUB105739|Druckrakel 32cm 55-Shore|"squeegee blade 32cm(12,6"") 55-shore"|ST|1|13,11|SPSX;SPXC;SP5000 Manuell;SP5000 AUTO;SP5000 Manuell VAKUUM;SP5000 AUTO VAKUUM;70x120;SPiQ-2 US;Single Print WAND VAKUUM;Single Print FAHRBAR;Single Print FAHRBAR VAKUUM;45x70;50x70;70x100;80x110;80x120;90x120;SPiQ US;SPiQ AUTO US;SPiQ COMPACT US;SPiQ COMPACT AUTO US;43x50;45x55;Single Print WAND;SPiQ-2;SP5000 Manuell US;SP5000 Manuell VAKUUM US;SP5000 AUTO US;SP5000 AUTO VAKUUM US;SPiQ;SPiQ AUTO;SPiQ COMPACT;SPiQ COMPACT AUTO;SPSXLF;SPSXLS
ZUB105745|Druckrakel 40cm 55-Shore|"squeegee blade 40cm(15,7"") 55-shore"|ST|1|12,73|SPSX;SPXC;SP5000 Manuell;SP5000 AUTO;SP5000 Manuell VAKUUM;SP5000 AUTO VAKUUM;Single Print FAHRBAR;Single Print FAHRBAR VAKUUM;80x110;80x120;90x120;70x120;SPiQ-2 US;Single Print WAND VAKUUM;43x50;45x55;45x70;50x70;70x100;SP5000 AUTO US;SP5000 AUTO VAKUUM US;SPiQ US;SPiQ AUTO US;SPiQ COMPACT US;SPiQ COMPACT AUTO US;SPSXLS;Single Print WAND;SPiQ-2;SP5000 Manuell US;SP5000 Manuell VAKUUM US;SPiQ;SPiQ AUTO;SPiQ COMPACT;SPiQ COMPACT AUTO;SPSXLF
ZUB105767|Set IR-Temperatursensor für Zwischentrockner|set IR-temperature sensor for flash cure unit|ST|5|384,92|SPSX;SPXC;SP5000 Manuell;SP5000 AUTO;SP5000 Manuell VAKUUM;SP5000 AUTO VAKUUM;SPiQ-2 US;50x70;70x100;80x110;80x120;90x120;70x120;SPiQ AUTO US;SPiQ COMPACT US;SPiQ COMPACT AUTO US;43x50;45x55;45x70;SPiQ-2;SP5000 Manuell US;SP5000 Manuell VAKUUM US;SP5000 AUTO US;SP5000 AUTO VAKUUM US;SPiQ US;SPiQ;SPiQ AUTO;SPiQ COMPACT;SPiQ COMPACT AUTO;SPSXLF;SPSXLS
ZUB105814|Alu-Ärmelpalette 13x80cm_400|alu-sleeve pallet 13x80cm_400|ST|3|39,36778|SPSX;SPXC;SPiQ COMPACT AUTO US;43x50;45x55;SPiQ COMPACT AUTO;SPiQ COMPACT US;SPiQ COMPACT
ZUB105884|Flutrakel low 72cm|flood blade low 72cm|ST|2|12,332|SPiQ;Single Print FAHRBAR VAKUUM;80x120;90x120;70x120;SPiQ-2 US;Single Print WAND VAKUUM;Single Print FAHRBAR;SPiQ US;70x100;80x110;Single Print WAND;SPiQ-2
ZUB105885|Flutrakel low 82cm|flood blade low 82cm|ST|2|14,11667|SPiQ;Single Print WAND;90x120;SPiQ-2 US;Single Print WAND VAKUUM;Single Print FAHRBAR;Single Print FAHRBAR VAKUUM;SPiQ-2;SPiQ US;80x110;80x120
ZUB105888|Alu-Palette ohne Hals SI 75x120cm_500|alu-pallet without neck SI 75x120cm_500|ST|3|165,47|Single Print FAHRBAR;Single Print FAHRBAR VAKUUM;70x100;80x110;Single Print WAND VAKUUM;Single Print WAND
ZUB105890|Alu-Palette mit Hals SPSXLS 45x100cm_400|alu-pallet with neck SPSXLS 45x100cm_400|ST|3|99,175|SPSXLF;SPSXLS;Single Print WAND;80x110;SPiQ-2 US;Single Print WAND VAKUUM;Single Print FAHRBAR;Single Print FAHRBAR VAKUUM;SPiQ-2;45x70;50x70;70x100
ZUB105891|Alu-Palette ohne Hals SPSXLS 45x100cm_400|alu-pallet without neck SPSXLS 45x100cm_400|ST|3|97,515|SPSXLF;SPSXLS;Single Print WAND;SPiQ-2;45x70;50x70;70x100;80x110;SPiQ-2 US;Single Print WAND VAKUUM;Single Print FAHRBAR;Single Print FAHRBAR VAKUUM
ZUB105897|Flutrakel mit Flügel low 32cm starr|flood blade with wings low 32cm steep|ST|2|19,01833|SPSX;SPXC;SPiQ;SPiQ COMPACT;SPSXLF;SPSXLS;70x120;SPiQ-2 US;Single Print WAND VAKUUM;Single Print FAHRBAR;Single Print FAHRBAR VAKUUM;45x70;50x70;70x100;80x110;80x120;90x120;Single Print WAND;SPiQ-2;SPiQ US;SPiQ COMPACT US;43x50;45x55
ZUB105905|Alu-Palette mit Hals SPSXLS 40x100cm_400|alu-pallet with neck SPSXLS 40x100cm_400|ST|3|96,84375|Single Print FAHRBAR VAKUUM;SPiQ-2 US;Single Print WAND VAKUUM;Single Print FAHRBAR;50x70;70x100;80x110;45x70;SPSXLF;SPSXLS;Single Print WAND;SPiQ-2
ZUB105909|Alu-Palette mit Hals SPSXLS 36x100cm_400|alu-pallet with neck SPSXLS 36x100cm_400|ST|3|88,095|SPSXLF;SPSXLS;Single Print WAND;SPiQ-2;Single Print WAND VAKUUM;Single Print FAHRBAR;Single Print FAHRBAR VAKUUM;45x70;50x70;70x100;80x110;SPiQ-2 US
ZUB105913|Alu-Palette ohne Hals SPSXLS 36x100cm_400|alu-pallet without neck SPSXLS 36x100cm_400|ST|3|0,0|SPSXLF;SPSXLS;Single Print WAND;SPiQ-2;45x70;50x70;70x100;80x110;SPiQ-2 US;Single Print WAND VAKUUM;Single Print FAHRBAR;Single Print FAHRBAR VAKUUM
ZUB105914|Alu-Palette ohne Hals SPSXLS 40x100cm_400|alu-pallet without neck SPSXLS 40x100cm_400|ST|3|89,02357|Single Print WAND VAKUUM;Single Print FAHRBAR;Single Print FAHRBAR VAKUUM;SPiQ-2 US;50x70;70x100;80x110;45x70;SPSXLS;Single Print WAND;SPiQ-2;SPSXLF
ZUB105917|Flutrakel mit Flügel low 36cm starr|flood blade with wings low 36cm steep|ST|2|23,88|SPSX;SPXC;SPiQ;SPiQ COMPACT;SPSXLF;SPSXLS;70x120;SPiQ-2 US;Single Print WAND VAKUUM;Single Print FAHRBAR;Single Print FAHRBAR VAKUUM;45x70;50x70;70x100;80x110;80x120;90x120;Single Print WAND;SPiQ-2;SPiQ US;SPiQ COMPACT US;43x50;45x55
ZUB105945|Alu-Palette mit Hals & Gummiauflage 2mm 45x80cm_40|alu-pallet with neck and rubber coated 45x80cm_400|ST|3|138,69417|SPSX;SPXC;SPiQ COMPACT;SPiQ COMPACT AUTO;SPiQ COMPACT US;SPiQ COMPACT AUTO US;43x50;45x55
ZUB105949|Alu-Palette ohne Hals 75x120cm_600 & Gummiauflage |alu-pallet without neck 75x120cm_600 & rubber coat|ST|3|305,49|SP5000 Manuell;SP5000 AUTO;SP5000 Manuell VAKUUM;SP5000 AUTO VAKUUM;SPiQ;SPiQ AUTO;70x100;80x110;80x120;90x120;70x120;SP5000 Manuell US;SP5000 Manuell VAKUUM US;SP5000 AUTO US;SP5000 AUTO VAKUUM US;SPiQ US;SPiQ AUTO US
ZUB105950|Kühlstation CM 4170|cooling station CM 4170|ST|5|1350,0|SP5000 Manuell;SP5000 AUTO;SP5000 Manuell VAKUUM;SP5000 AUTO VAKUUM;SPiQ;SPiQ AUTO;SPiQ US;SPiQ AUTO US;50x70;SPiQ-2 US;SPSXLF;SPiQ-2;SP5000 Manuell US;SP5000 Manuell VAKUUM US;SP5000 AUTO US;SP5000 AUTO VAKUUM US
ZUB105953|Alu-Palette ohne Hals 52x80cm_400 & Gummiauflage 2|alu-pallet without neck 52x80cm_400 & rubber coate|ST|3|92,59071|SPSX;SPXC;SPiQ COMPACT;SPiQ COMPACT AUTO;SPiQ COMPACT US;SPiQ COMPACT AUTO US;43x50;45x55
ZUB105957|Textil-Trockner Drylight DLT-E-17-HHH-SC|textile dryer Drylight DLT-E-17-HHH-SC|ST|6|40312,0|SPSX;SPXC;SP5000 Manuell;SP5000 AUTO;SP5000 Manuell VAKUUM;SP5000 AUTO VAKUUM;80x110;80x120;90x120;70x120;SPiQ-2;43x50;45x55;45x70;50x70;70x100;SPiQ;SPiQ AUTO;SPiQ COMPACT;SPiQ COMPACT AUTO;SPSXLF;SPSXLS
ZUB105958|Textil-Trockner Drylight DLT-E-17-HHH-SC-DB|textile dryer Drylight DLT-E-17-HHH-SC-DB|ST|6|40976,0|SPSX;SPXC;SP5000 Manuell;SP5000 AUTO;SP5000 Manuell VAKUUM;SP5000 AUTO VAKUUM;80x110;80x120;90x120;70x120;SPiQ-2;43x50;45x55;45x70;50x70;70x100;SPiQ;SPiQ AUTO;SPiQ COMPACT;SPiQ COMPACT AUTO;SPSXLF;SPSXLS
ZUB105959|Textil-Trockner COMPACT Fusion-H-SC|textile dryer COMPACT Fusion-H-SC|ST|6|22000,0|SPiQ;SPiQ AUTO;SPiQ COMPACT;SPiQ COMPACT AUTO;SPiQ-2;45x55;50x70;70x100;80x110;80x120;90x120;70x120
ZUB105961|Alu-Palette ohne Hals 95x140cm_600|alu-pallet without neck 95x140 cm_600|ST|3|248,47|SPiQ;SPiQ AUTO;SPiQ US;SPiQ AUTO US;90x120
ZUB105963|Kühlstation CM 70100|cooling station CM 70100|ST|5|1780,0|SP5000 Manuell;SP5000 AUTO;SP5000 Manuell VAKUUM;SP5000 AUTO VAKUUM;70x100;SPiQ-2 US;SP5000 AUTO US;SP5000 AUTO VAKUUM US;SPiQ US;SPiQ AUTO US;SPiQ;SPiQ AUTO;SPiQ-2;SP5000 Manuell US;SP5000 Manuell VAKUUM US
ZUB105969|Alu-Palette ohne Hals 55x100cm_500 & Gummiauflage |alu-pallet without neck 55x100cm_500 & rubber coat|ST|3|174,88786|SP5000 Manuell;SP5000 AUTO;SP5000 Manuell VAKUUM;SP5000 AUTO VAKUUM;SPiQ;SPiQ AUTO;50x70;70x100;80x110;80x120;90x120;70x120;SP5000 Manuell US;SP5000 Manuell VAKUUM US;SP5000 AUTO US;SP5000 AUTO VAKUUM US;SPiQ US;SPiQ AUTO US
ZUB105974|Textil-Trockner Drylight DLT-G-17-HH-HS-DB|textile dryer Drylight DLT-G-17-HH-HS-DB|ST|6|29000,0|SPSX;SPXC;SP5000 Manuell;SP5000 AUTO;SP5000 Manuell VAKUUM;SP5000 AUTO VAKUUM;80x110;80x120;90x120;70x120;SPiQ-2;43x50;45x55;45x70;50x70;70x100;SPiQ;SPiQ AUTO;SPiQ COMPACT;SPiQ COMPACT AUTO;SPSXLF;SPSXLS
ZUB105975|Textil-Trockner Drylight DLT-G-17-HHH-SC-DB|textile dryer Drylight DLT-G-17-HHH-SC-DB|ST|6|40418,0|SPSX;SPXC;SP5000 Manuell;SP5000 AUTO;SP5000 Manuell VAKUUM;SP5000 AUTO VAKUUM;70x120;50x70;70x100;80x110;80x120;90x120;SPSXLS;SPiQ-2;43x50;45x55;45x70;SPiQ;SPiQ AUTO;SPiQ COMPACT;SPiQ COMPACT AUTO;SPSXLF
ZUB105977|Alu-Palette mit Hals & Gummiauflage 2mm 40x80cm_40|alu-pallet with neck and rubber coated 40x80cm_400|ST|3|174,53625|SPSX;SPXC;SPiQ COMPACT;SPiQ COMPACT AUTO;SPiQ COMPACT US;SPiQ COMPACT AUTO US;43x50;45x55
ZUB105980|Textil-Trockner Drylight DLT-G-17-HHH-SC|textile dryer Drylight DLT-G-17-HHH-SC|ST|6|40744,0|SPSX;SPXC;SP5000 Manuell;SP5000 AUTO;SP5000 Manuell VAKUUM;SP5000 AUTO VAKUUM;80x110;80x120;90x120;70x120;SPiQ-2;43x50;45x55;45x70;50x70;70x100;SPiQ;SPiQ AUTO;SPiQ COMPACT;SPiQ COMPACT AUTO;SPSXLF;SPSXLS
ZUB105980-2|Textil-Trockner Drylight DLT-G-17-HHH-SC 3x230V 60|textile dryer Drylight DLT-G-17-HHH-SC 3x230V 60Hz|ST|6|41800,0|SPSX;SPXC;SPSXLF;SPSXLS;SP5000 Manuell US;SP5000 Manuell VAKUUM US;80x120;90x120;70x120;SPiQ-2 US;43x50;45x55;45x70;50x70;70x100;80x110;SP5000 AUTO US;SP5000 AUTO VAKUUM US;SPiQ US;SPiQ AUTO US;SPiQ COMPACT US;SPiQ COMPACT AUTO US
ZUB105984|Alu-Palette ohne Hals 32x80cm_400 & Gummiauflage 2|alu-pallet without neck 32x80cm_400 & rubber coate|ST|3|156,2685|SPSX;SPXC;SPiQ COMPACT;SPiQ COMPACT AUTO;SPiQ COMPACT US;SPiQ COMPACT AUTO US;43x50;45x55
ZUB105985|Textil-Trockner Drylight DLT-E-17-HHHH-SC|textile dryer Drylight DLT-E-17-HHHH-SC|ST|6|0,0|SPSX;SPXC;SP5000 Manuell;SP5000 AUTO;SP5000 Manuell VAKUUM;SP5000 AUTO VAKUUM;80x110;80x120;90x120;70x120;SPiQ-2;43x50;45x55;45x70;50x70;70x100;SPiQ;SPiQ AUTO;SPiQ COMPACT;SPiQ COMPACT AUTO;SPSXLF;SPSXLS
ZUB105988|Textil-Trockner Drylight DLT-E-17-HH-SC|textile dryer Drylight DLT-E-17-HH-SC|ST|6|28952,0|SPSX;SPXC;SP5000 Manuell;SP5000 AUTO;SP5000 Manuell VAKUUM;SP5000 AUTO VAKUUM;80x110;80x120;90x120;70x120;SPiQ-2;43x50;45x55;45x70;50x70;70x100;SPiQ;SPiQ AUTO;SPiQ COMPACT;SPiQ COMPACT AUTO;SPSXLF;SPSXLS
ZUB105992|Textil-Trockner Drylight DLT-G-17-HH-HS|textile dryer Drylight DLT-G-17-HH-HS|ST|6|30168,0|SPSX;SPXC;SP5000 Manuell;SP5000 AUTO;SP5000 Manuell VAKUUM;SP5000 AUTO VAKUUM;80x110;80x120;90x120;70x120;SPiQ-2;43x50;45x55;45x70;50x70;70x100;SPiQ;SPiQ AUTO;SPiQ COMPACT;SPiQ COMPACT AUTO;SPSXLF;SPSXLS
ZUB105999|V-LUX LED Belichtungsgerät 760x1016mm|V-LUX LED exposure unit 760x1016mm|ST|9|4010,22|SPSX;SPXC;SP5000 Manuell;SP5000 AUTO;SP5000 Manuell VAKUUM;SP5000 AUTO VAKUUM;45x70;50x70;SPiQ-2 US;SPiQ US;SPiQ AUTO US;SPiQ COMPACT US;SPiQ COMPACT AUTO US;43x50;45x55;SPiQ-2;SP5000 Manuell US;SP5000 Manuell VAKUUM US;SP5000 AUTO US;SP5000 AUTO VAKUUM US;SPiQ;SPiQ AUTO;SPiQ COMPACT;SPiQ COMPACT AUTO;SPSXLF;SPSXLS
ZUB106000|Textil-Trockner MINI|textile dryer MINI|ST|6|7752,0|SPSX;SPXC;SP5000 Manuell;SP5000 AUTO;SP5000 Manuell VAKUUM;SP5000 AUTO VAKUUM;70x120;50x70;70x100;80x110;80x120;90x120;SPSXLS;SPiQ-2;43x50;45x55;45x70;SPiQ;SPiQ AUTO;SPiQ COMPACT;SPiQ COMPACT AUTO;SPSXLF
ZUB106001|Textil-Trockner Drylight DLT-E-17-HH-SC-DB|textile dryer Drylight DLT-E-17-HH-SC-DB|ST|6|29000,0|SPSX;SPXC;SP5000 Manuell;SP5000 AUTO;70x120;50x70;70x100;80x110;80x120;90x120;43x50;45x55;45x70;SPSXLS;SPiQ-2;SPiQ AUTO;SPiQ COMPACT;SPiQ COMPACT AUTO;SPSXLF;SP5000 Manuell VAKUUM;SP5000 AUTO VAKUUM;SPiQ
ZUB106005|Textil-Trockner Drylight DLT-G-17-HH-SC-DB|textile dryer Drylight DLT-G-17-HH-SC-DB|ST|6|0,0|SPSX;SPXC;SP5000 Manuell;SP5000 AUTO;70x100;80x110;80x120;90x120;70x120;SPiQ-2;43x50;45x55;45x70;50x70;SPiQ AUTO;SPiQ COMPACT;SPiQ COMPACT AUTO;SPSXLF;SPSXLS;SP5000 Manuell VAKUUM;SP5000 AUTO VAKUUM;SPiQ
ZUB106006|Textil-Trockner Drylight DLT-G-17-HH-SC|textile dryer Drylight DLT-G-17-HH-SC|ST|6|27500,0|SPSX;SPXC;SP5000 Manuell;SP5000 AUTO;SP5000 Manuell VAKUUM;80x110;80x120;90x120;70x120;45x55;45x70;50x70;70x100;SPiQ COMPACT AUTO;SPSXLF;SPSXLS;SPiQ-2;43x50;SP5000 AUTO VAKUUM;SPiQ;SPiQ AUTO;SPiQ COMPACT
ZUB106007|Textil-Trockner Drylight DLT-G-17-HHK-HS-DB|textile dryer Drylight DLT-G-17-HHK-HS-DB|ST|6|0,0|SPSX;SPXC;SP5000 Manuell;SP5000 AUTO;SP5000 Manuell VAKUUM;SP5000 AUTO VAKUUM;80x110;80x120;90x120;70x120;SPiQ-2;43x50;45x55;45x70;50x70;70x100;SPiQ;SPiQ AUTO;SPiQ COMPACT;SPiQ COMPACT AUTO;SPSXLF;SPSXLS
ZUB106014|Textil-Trockner Drylight DLT-E-17-HHHHHHK-SI-DB|textile dryer Drylight DLT-E-17-HHHHHHK-SI-DB|ST|6|0,0|SPSX;SPXC;SP5000 Manuell;SP5000 AUTO;SP5000 Manuell VAKUUM;SP5000 AUTO VAKUUM;80x110;80x120;90x120;70x120;SPiQ-2;43x50;45x55;45x70;50x70;70x100;SPiQ;SPiQ AUTO;SPiQ COMPACT;SPiQ COMPACT AUTO;SPSXLF;SPSXLS
ZUB106015|Textil-Trockner Drylight DLT-E-17-HHHHHK-SI-DB|textile dryer Drylight DLT-E-17-HHHHHK-SI-DB|ST|6|0,0|SPSX;SPXC;SP5000 Manuell;SP5000 AUTO;SP5000 Manuell VAKUUM;SP5000 AUTO VAKUUM;80x110;80x120;90x120;70x120;SPiQ-2;43x50;45x55;45x70;50x70;70x100;SPiQ;SPiQ AUTO;SPiQ COMPACT;SPiQ COMPACT AUTO;SPSXLF;SPSXLS
ZUB106018|Textil-Trockner Drylight DLT-G-17-HH-SC-X US SPSI|textile dryer Drylight DLT-G-17-HH-SC-X US|ST|6|28637,0|SPSX;SPXC;SPSXLF;SPSXLS;SPiQ-2 US;50x70;70x100;80x110;80x120;90x120;70x120;SPiQ COMPACT US;SPiQ COMPACT AUTO US;43x50;45x55;45x70;SP5000 Manuell US;SP5000 Manuell VAKUUM US;SP5000 AUTO US;SP5000 AUTO VAKUUM US;SPiQ US;SPiQ AUTO US
ZUB106019|Textil-Trockner MINI US|textile dryer MINI US|ST|6|7752,0|SPSX;SPXC;SPSXLF;SPSXLS;SP5000 Manuell US;SP5000 Manuell VAKUUM US;80x120;90x120;70x120;SPiQ-2 US;43x50;45x55;45x70;50x70;70x100;80x110;SP5000 AUTO US;SP5000 AUTO VAKUUM US;SPiQ US;SPiQ AUTO US;SPiQ COMPACT US;SPiQ COMPACT AUTO US
ZUB106021|Textil-Trockner Drylight DLT-G-17-HHHH-SC|textile dryer Drylight DLT-G-17-HHHH-SC|ST|6|0,0|SPSX;SPXC;SP5000 Manuell;SP5000 AUTO;SP5000 Manuell VAKUUM;SP5000 AUTO VAKUUM;80x110;80x120;90x120;70x120;SPiQ-2;43x50;45x55;45x70;50x70;70x100;SPiQ;SPiQ AUTO;SPiQ COMPACT;SPiQ COMPACT AUTO;SPSXLF;SPSXLS
ZUB106022|Textil-Trockner Drylight DLT-G-17-HHHK-SC-DB|textile dryer Drylight DLT-G-17-HHHK-SC-DB|ST|6|48649,0|SPSX;SPXC;SP5000 Manuell;SP5000 AUTO;SP5000 Manuell VAKUUM;SP5000 AUTO VAKUUM;80x110;80x120;90x120;70x120;SPiQ-2;43x50;45x55;45x70;50x70;70x100;SPiQ;SPiQ AUTO;SPiQ COMPACT;SPiQ COMPACT AUTO;SPSXLF;SPSXLS
ZUB106024|Textil-Trockner Drylight DLT-G-17-HHH-SC-X 3x230V |textile dryer Drylight DLT-G-17-HHH-SC-X 3x230V 60|ST|6|39689,0|SPSX;SPXC;SPSXLF;SPSXLS;SP5000 Manuell US;SP5000 Manuell VAKUUM US;80x120;90x120;70x120;SPiQ-2 US;43x50;45x55;45x70;50x70;70x100;80x110;SP5000 AUTO US;SP5000 AUTO VAKUUM US;SPiQ US;SPiQ AUTO US;SPiQ COMPACT US;SPiQ COMPACT AUTO US
ZUB106025|Textil-Trockner Drylight DLT-G-17-HHHH-SC US|textile dryer Drylight DLT-G-17-HHHH-SC US|ST|6|0,0|SPSX;SPXC;SPSXLF;SPSXLS;SP5000 Manuell US;SP5000 Manuell VAKUUM US;80x120;90x120;70x120;SPiQ-2 US;43x50;45x55;45x70;50x70;70x100;80x110;SP5000 AUTO US;SP5000 AUTO VAKUUM US;SPiQ US;SPiQ AUTO US;SPiQ COMPACT US;SPiQ COMPACT AUTO US
ZUB106026|Textil-Trockner Drylight DLT-G-17-CHH-SC-DB|textile dryer Drylight DLT-G-17-CHH-SC-DB|ST|6|0,0|SPSX;SPXC;SP5000 Manuell;SP5000 AUTO;SP5000 Manuell VAKUUM;SP5000 AUTO VAKUUM;80x110;80x120;90x120;70x120;SPiQ-2;43x50;45x55;45x70;50x70;70x100;SPiQ;SPiQ AUTO;SPiQ COMPACT;SPiQ COMPACT AUTO;SPSXLF;SPSXLS
ZUB108980|Flutrakel mit Flügel low 52cm starr|flood blade with wings low 52cm steep|ST|2|13,12167|SPiQ;SPSXLF;Single Print WAND;SPiQ-2;SPiQ US;50x70;Single Print WAND VAKUUM;Single Print FAHRBAR;Single Print FAHRBAR VAKUUM;70x100;80x110;80x120;90x120;70x120;SPiQ-2 US
ZUB108981|Flutrakel mit Flügel low 40cm starr|flood blade with wings low 40cm steep|ST|2|12,273|SPSX;SPXC;SPiQ;SPiQ COMPACT;SPSXLF;Single Print FAHRBAR;Single Print FAHRBAR VAKUUM;80x110;80x120;90x120;70x120;SPiQ-2 US;Single Print WAND VAKUUM;43x50;45x55;45x70;50x70;70x100;SPSXLS;Single Print WAND;SPiQ-2;SPiQ US;SPiQ COMPACT US
ZUB108983|Textil-Trockner Drylight DLT-G-17-HHHH-SC-DB|textile dryer Drylight DLT-G-17-HHHH-SC-DB|ST|6|0,0|SPSX;SPXC;SP5000 Manuell;SP5000 AUTO;SP5000 Manuell VAKUUM;SP5000 AUTO VAKUUM;80x110;80x120;90x120;70x120;SPiQ-2;43x50;45x55;45x70;50x70;70x100;SPiQ;SPiQ AUTO;SPiQ COMPACT;SPiQ COMPACT AUTO;SPSXLF;SPSXLS
ZUB108992|Textil-Trockner Drylight DLT-E-17-HHHH-SC-DB|textile dryer Drylight DLT-E-17-HHHH-SC-DB|ST|6|49808,0|SPSX;SPXC;SP5000 Manuell;SP5000 AUTO;50x70;70x100;80x110;80x120;90x120;70x120;43x50;45x55;45x70;SPiQ COMPACT AUTO;SPSXLF;SPSXLS;SPiQ-2;SP5000 Manuell VAKUUM;SP5000 AUTO VAKUUM;SPiQ;SPiQ AUTO;SPiQ COMPACT
ZUB108995|Alu-Palette ohne Hals 40x100cm_500 & Gummiauflage |alu-pallet without neck 40x100cm_500 & rubber coat|ST|3|0,0|SP5000 Manuell;SP5000 AUTO;SP5000 Manuell VAKUUM;SP5000 AUTO VAKUUM;70x100;80x110;80x120;90x120;70x120;SP5000 AUTO US;SP5000 AUTO VAKUUM US;SPiQ US;SPiQ AUTO US;50x70;SPiQ;SPiQ AUTO;SP5000 Manuell US;SP5000 Manuell VAKUUM US
ZUB108996|Flutrakel mit Flügel low 45cm starr|flood blade with wings low 45cm steep|ST|2|18,55|SPSX;SPXC;SPiQ;SPiQ COMPACT;SPSXLF;SPSXLS;70x120;SPiQ-2 US;Single Print WAND VAKUUM;Single Print FAHRBAR;Single Print FAHRBAR VAKUUM;45x70;50x70;70x100;80x110;80x120;90x120;Single Print WAND;SPiQ-2;SPiQ US;SPiQ COMPACT US;43x50;45x55
ZUB108999|Flutrakel mit Flügel high 45cm starr|flood blade with wings high 45cm steep|ST|2|18,581|SP5000 Manuell;SP5000 AUTO;SP5000 Manuell VAKUUM;SP5000 AUTO VAKUUM;SPiQ AUTO;SPiQ COMPACT AUTO;80x110;80x120;90x120;70x120;SPiQ AUTO US;SPiQ COMPACT AUTO US;45x55;50x70;70x100;SP5000 Manuell US;SP5000 Manuell VAKUUM US;SP5000 AUTO US;SP5000 AUTO VAKUUM US
ZUB109013|Flutrakel mit Flügel high 40cm starr|flood blade with wings high 40cm steep|ST|2|14,96286|SP5000 Manuell;SP5000 AUTO;SP5000 Manuell VAKUUM;SP5000 AUTO VAKUUM;SPiQ AUTO;SPiQ COMPACT AUTO;70x120;45x55;50x70;70x100;80x110;80x120;90x120;SP5000 Manuell US;SP5000 Manuell VAKUUM US;SP5000 AUTO US;SP5000 AUTO VAKUUM US;SPiQ AUTO US;SPiQ COMPACT AUTO US
ZUB109022|Textil-Trockner Drylight DLT-E-17-HHHHK-SC-DB|textile dryer Drylight DLT-E-17-HHHHK-SC-DB|ST|6|0,0|SPSX;SPXC;SP5000 Manuell;SP5000 AUTO;SP5000 Manuell VAKUUM;SP5000 AUTO VAKUUM;80x110;80x120;90x120;70x120;SPiQ-2;43x50;45x55;45x70;50x70;70x100;SPiQ;SPiQ AUTO;SPiQ COMPACT;SPiQ COMPACT AUTO;SPSXLF;SPSXLS
ZUB109023|Textil-Trockner Drylight DLT-E-17-HHHHK-SC|textile dryer Drylight DLT-E-17-HHHHK-SC|ST|6|0,0|SPSX;SPXC;SP5000 Manuell;SP5000 AUTO;SP5000 Manuell VAKUUM;SP5000 AUTO VAKUUM;80x110;80x120;90x120;70x120;SPiQ-2;43x50;45x55;45x70;50x70;70x100;SPiQ;SPiQ AUTO;SPiQ COMPACT;SPiQ COMPACT AUTO;SPSXLF;SPSXLS
ZUB109029|Alu-Palette ohne Hals 40x100cm_500 & Gummiauflage |alu-pallet without neck 40x100cm_500 & rubber coat|ST|3|197,73091|SP5000 Manuell;SP5000 AUTO;70x120;50x70;70x100;80x110;80x120;90x120;SPiQ AUTO US;SP5000 AUTO US;SP5000 AUTO VAKUUM US;SPiQ US;SP5000 Manuell US;SP5000 Manuell VAKUUM US;SPiQ AUTO;SP5000 Manuell VAKUUM;SP5000 AUTO VAKUUM;SPiQ
ZUB109037|Caldera Software für Digital-Drucker|Caldera Software for Digital Printer|ST|10|604,165|SPSX;SPXC;SP5000 Manuell;SP5000 AUTO;SP5000 Manuell VAKUUM;SP5000 AUTO VAKUUM;45x55;45x70;50x70;SPiQ-2 US;SP5000 AUTO VAKUUM US;SPiQ US;SPiQ AUTO US;SPiQ COMPACT US;SPiQ COMPACT AUTO US;43x50;SPSXLS;SPiQ-2;SP5000 Manuell US;SP5000 Manuell VAKUUM US;SP5000 AUTO US;SPiQ;SPiQ AUTO;SPiQ COMPACT;SPiQ COMPACT AUTO;SPSXLF
ZUB109043|Flutrakel mit Flügel low 13cm starr|flood blade with wings low 13cm steep|ST|2|9,458|SPSX;SPXC;SPiQ;SPiQ COMPACT;SPSXLF;Single Print FAHRBAR;Single Print FAHRBAR VAKUUM;80x110;80x120;90x120;70x120;SPiQ-2 US;Single Print WAND VAKUUM;43x50;45x55;45x70;50x70;70x100;SPSXLS;Single Print WAND;SPiQ-2;SPiQ US;SPiQ COMPACT US
ZUB109044|Textil-Trockner Drylight DLT-E-17-CH-SC|textile dryer Drylight DLT-E-17-CH-SC|ST|6|34857,0|SPSX;SPXC;SP5000 Manuell;SP5000 AUTO;SP5000 Manuell VAKUUM;70x120;50x70;70x100;80x110;80x120;90x120;SPSXLS;SPiQ-2;43x50;45x55;45x70;SP5000 AUTO VAKUUM;SPiQ;SPiQ AUTO;SPiQ COMPACT;SPiQ COMPACT AUTO;SPSXLF
ZUB109048|Textil-Trockner Drylight DLT-E-17-CHH-SC|textile dryer Drylight DLT-E-17-CHH-SC|ST|6|0,0|SPSX;SPXC;SP5000 Manuell;SP5000 AUTO;SP5000 Manuell VAKUUM;SP5000 AUTO VAKUUM;80x110;80x120;90x120;70x120;SPiQ-2;43x50;45x55;45x70;50x70;70x100;SPiQ;SPiQ AUTO;SPiQ COMPACT;SPiQ COMPACT AUTO;SPSXLF;SPSXLS
